安宁股份,驰宏锌锗,赤峰黄金,广晟有色,国城矿业,湖南黄金,华钰矿业,金钼股份,洛阳钼业,融捷股份,山东黄金,盛达资源,盛屯矿业,西部黄金,西部矿业,西藏珠峰,兴业矿业,银泰黄金,中金黄金,中润资源,中色股份,紫金矿业
56.04,9.61,68.78,270.26,33.29,12.31,14.06,13.68,79.18,396.34,24.38,18.38,35.06,57.24,2.8,9.8,34.38,20.86,13.77,15.28,13.1,22.1
56.04,9.61,68.78,270.26,33.29,12.31,14.06,13.68,79.18,396.34,24.38,18.38,35.06,57.24,2.8,9.8,34.38,20.86,13.77,15.28,13.1,22.1
56.04,9.61,68.78,270.26,33.29,12.31,14.06,13.68,79.18,396.34,24.38,18.38,35.06,57.24,2.8,9.8,34.38,20.86,13.77,15.28,13.1,22.1
56.04,9.61,68.78,270.26,33.29,12.31,14.06,13.68,79.18,396.34,24.38,18.38,35.06,57.24,2.8,9.8,34.38,20.86,13.77,15.28,13.1,22.1
56.04,9.61,68.78,270.26,33.29,12.31,14.06,13.68,79.18,396.34,24.38,18.38,35.06,57.24,2.8,9.8,34.38,20.86,13.77,15.28,13.1,22.1
56.04,9.61,68.78,270.26,33.29,12.31,14.06,13.68,79.18,396.34,24.38,18.38,35.06,57.24,2.8,9.8,34.38,20.86,13.77,15.28,13.1,22.1
56.04,9.61,68.78,270.26,33.29,12.31,14.06,13.68,79.18,396.34,24.38,18.38,35.06,57.24,2.8,9.8,34.38,20.86,13.77,15.28,13.1,22.1
56.04,9.61,68.78,270.26,33.29,12.31,14.06,13.68,79.18,396.34,24.38,18.38,35.06,57.24,2.8,9.8,34.38,20.86,13.77,15.28,13.1,22.1
56.04,9.61,68.78,270.26,33.29,12.31,14.06,13.68,79.18,396.34,24.38,18.38,35.06,57.24,2.8,9.8,34.38,20.86,13.77,15.28,13.1,22.1
56.04,9.61,68.78,270.26,33.29,12.31,14.06,13.68,79.18,396.34,24.38,18.38,35.06,57.24,2.8,9.8,34.38,20.86,13.77,15.28,13.1,22.1
56.04,9.61,68.78,270.26,33.29,12.31,14.06,13.68,79.18,396.34,24.38,18.38,35.06,57.24,2.8,9.8,34.38,20.86,13.77,15.28,13.1,22.1
56.04,9.61,68.78,270.26,33.29,12.31,14.06,13.68,79.18,396.34,24.38,18.38,35.06,57.24,2.8,9.8,34.38,20.86,13.77,15.28,13.1,22.1
56.04,9.61,68.78,270.26,33.29,12.31,14.06,13.68,79.18,396.34,24.38,18.38,35.06,57.24,2.8,9.8,34.38,20.86,13.77,15.28,13.1,22.1
56.04,9.61,68.78,270.26,33.29,12.31,14.06,13.68,79.18,396.34,24.38,18.38,35.06,57.24,2.8,9.8,34.38,20.86,13.77,15.28,13.1,22.1
56.04,9.61,68.78,270.26,33.29,12.31,14.06,13.68,79.18,396.34,24.38,18.38,35.06,57.24,2.8,9.8,34.38,20.86,13.77,15.28,13.1,22.1
56.04,9.61,68.78,270.26,33.29,12.31,14.06,13.68,79.18,396.34,24.38,18.38,35.06,57.24,2.8,9.8,34.38,20.86,13.77,15.28,13.1,22.1
56.04,9.61,68.78,270.26,33.29,12.31,14.06,13.68,79.18,396.34,24.38,18.38,35.06,57.24,2.8,9.8,34.38,20.86,13.77,15.28,13.1,22.1
56.04,9.61,68.78,270.26,33.29,12.31,14.06,13.68,79.18,396.34,24.38,18.38,35.06,57.24,2.8,9.8,34.38,20.86,13.77,15.28,13.1,22.1
56.04,9.61,68.78,270.26,33.29,12.31,14.06,13.68,79.18,396.34,24.38,18.38,35.06,57.24,2.8,9.8,34.38,20.86,13.77,15.28,13.1,22.1
56.04,9.61,68.78,270.26,33.29,12.31,14.06,13.68,79.18,396.34,24.38,18.38,35.06,57.24,2.8,9.8,34.38,20.86,13.77,15.28,13.1,22.1
56.04,9.61,68.78,270.26,33.29,12.31,14.06,13.68,79.18,396.34,24.38,18.38,35.06,57.24,2.8,9.8,34.38,20.86,13.77,15.28,13.1,22.1
56.04,9.61,68.78,270.26,33.29,12.31,14.06,13.68,79.18,396.34,24.38,18.38,35.06,57.24,2.8,9.8,34.38,20.86,13.77,15.28,13.1,22.1
56.04,9.61,68.78,270.26,33.29,12.31,14.06,13.68,79.18,396.34,24.38,18.38,35.06,57.24,2.8,9.8,34.38,20.86,13.77,15.28,13.1,22.1
56.04,9.61,68.78,270.26,33.29,12.31,14.06,13.68,79.18,396.34,24.38,18.38,35.06,57.24,2.8,9.8,34.38,20.86,13.77,15.28,13.1,22.1
56.04,9.61,68.78,270.26,33.29,12.31,14.06,13.68,79.18,396.34,24.38,18.38,35.06,57.24,2.8,9.8,34.38,20.86,13.77,15.28,13.1,22.1
56.04,9.61,68.78,270.26,33.29,12.31,14.06,13.68,79.18,396.34,24.38,18.38,35.06,57.24,2.8,9.8,34.38,20.86,13.77,15.28,13.1,22.1
56.04,9.61,68.78,270.26,33.29,12.31,14.06,13.68,79.18,396.34,24.38,18.38,35.06,57.24,2.8,9.8,34.38,20.86,13.77,15.28,13.1,22.1
56.04,9.61,68.78,270.26,33.29,12.31,14.06,13.68,79.18,396.34,24.38,18.38,35.06,57.24,2.8,9.8,34.38,20.86,13.77,15.28,13.1,22.1
56.04,9.61,68.78,270.26,33.29,12.31,14.06,13.68,79.18,396.34,24.38,18.38,35.06,57.24,2.8,9.8,34.38,20.86,13.77,15.28,13.1,22.1
56.04,9.61,68.78,270.26,33.29,12.31,14.06,13.68,79.18,396.34,24.38,18.38,35.06,57.24,2.8,9.8,34.38,20.86,13.77,15.28,13.1,22.1
56.04,9.61,68.78,270.26,33.29,12.31,14.06,13.68,79.18,396.34,24.38,18.38,35.06,57.24,2.8,9.8,34.38,20.86,13.77,15.28,13.1,22.1
56.04,9.61,68.78,270.26,33.29,12.31,14.06,13.68,79.18,396.34,24.38,18.38,35.06,57.24,2.8,9.8,34.38,20.86,13.77,15.28,13.1,22.1
56.04,9.61,68.78,270.26,33.29,12.31,14.06,13.68,79.18,396.34,24.38,18.38,35.06,57.24,2.8,9.8,34.38,20.86,13.77,15.28,13.1,22.1
56.04,9.61,68.78,270.26,33.29,12.31,14.06,13.68,79.18,396.34,24.38,18.38,35.06,57.24,2.8,9.8,34.38,20.86,13.77,15.28,13.1,22.1
56.04,9.61,68.78,270.26,33.29,12.31,14.06,13.68,79.18,396.34,24.38,18.38,35.06,57.24,2.8,9.8,31.87,20.86,13.77,15.28,13.1,22.1
56.04,9.61,68.78,270.26,33.29,12.31,14.06,13.68,79.18,396.34,24.38,18.38,35.06,57.24,2.8,9.8,31.87,20.86,13.77,15.28,13.1,22.1
56.04,9.61,68.78,270.26,33.29,12.31,14.06,13.68,79.18,396.34,24.38,18.38,35.06,57.24,2.8,9.8,31.87,20.86,13.77,15.28,13.1,22.1
56.04,9.61,68.78,270.26,33.29,12.31,14.06,13.68,79.18,396.34,24.38,18.38,35.06,57.24,2.8,9.8,31.87,20.86,13.77,15.28,13.1,22.1
56.04,9.61,68.78,270.26,33.29,12.31,14.06,13.68,79.18,396.34,24.38,18.38,35.06,57.24,2.8,9.8,31.87,20.86,13.77,15.28,13.1,22.1
56.04,9.61,68.78,270.26,33.29,12.31,14.06,13.68,79.18,396.34,24.38,18.38,35.06,57.24,2.8,9.8,31.87,20.86,13.77,15.28,13.1,22.1
56.04,9.61,68.78,270.26,33.29,12.31,14.06,13.68,79.18,396.34,24.38,18.38,35.06,57.24,2.8,9.8,31.87,20.86,13.77,15.28,13.1,22.1
56.04,9.61,68.78,270.26,33.29,12.31,14.06,13.68,79.18,396.34,24.38,18.38,35.06,57.24,2.8,9.8,31.87,20.86,13.77,15.28,13.1,22.1
56.04,9.61,68.78,270.26,33.29,12.31,14.06,13.68,79.18,396.34,24.38,18.38,35.06,57.24,2.8,9.8,31.87,20.86,13.77,15.28,13.1,22.1
56.04,9.61,68.78,270.26,33.29,12.31,14.06,13.68,79.18,396.34,24.38,18.38,35.06,57.24,2.8,9.8,31.87,20.86,13.77,15.28,13.1,22.1
56.04,9.61,68.78,270.26,33.29,12.31,14.06,13.68,79.18,396.34,24.38,18.38,35.06,57.24,2.8,9.8,31.87,20.86,13.77,15.28,13.1,22.1
56.04,9.61,68.78,270.26,33.29,12.31,14.06,13.68,79.18,396.34,24.38,18.38,35.06,57.24,2.8,9.8,31.87,20.86,13.77,15.28,13.1,22.1
56.04,9.61,68.78,270.26,33.29,12.31,14.06,13.68,79.18,396.34,24.38,18.38,35.06,57.24,2.8,9.8,31.87,20.86,13.77,15.28,13.1,22.1
56.04,9.61,68.78,270.26,33.29,12.31,14.06,13.68,79.18,396.34,24.38,18.38,35.06,57.24,2.8,9.8,31.87,20.86,13.77,15.28,13.1,22.1
56.04,9.61,68.78,270.26,33.29,12.31,14.06,13.68,79.18,396.34,24.38,18.38,35.06,57.24,2.8,9.8,31.87,20.86,13.77,15.28,13.1,22.1
56.04,9.61,68.78,270.26,33.29,12.31,14.06,13.68,79.18,396.34,24.38,18.38,35.06,57.24,2.8,9.8,31.87,20.86,13.77,15.28,13.1,22.1
56.04,9.61,68.78,270.26,33.29,12.31,14.06,13.68,79.18,396.34,24.38,18.38,35.06,57.24,2.8,9.8,31.87,20.86,13.77,15.28,13.1,22.1
56.04,9.61,68.78,270.26,33.29,12.31,14.06,13.68,79.18,396.34,24.38,18.38,35.06,57.24,2.8,9.8,31.87,20.86,13.77,15.28,13.1,22.1
56.04,9.61,68.78,270.26,33.29,12.31,14.06,13.68,79.18,396.34,24.38,18.38,35.06,57.24,2.8,9.8,31.87,20.86,13.77,15.28,13.1,22.1
56.04,9.61,68.78,270.26,33.29,12.31,14.06,13.68,79.18,396.34,24.38,18.38,35.06,57.24,2.8,9.8,31.87,20.86,13.77,15.28,13.1,22.1
56.04,9.61,68.78,270.26,33.29,12.31,14.06,13.68,79.18,396.34,24.38,18.38,35.06,57.24,2.8,9.8,31.87,20.86,13.77,15.28,13.1,22.1
56.04,9.61,68.78,270.26,33.29,12.31,14.06,13.68,79.18,396.34,24.38,18.38,35.06,57.24,2.8,9.8,31.87,20.86,13.77,15.28,13.1,22.1
56.04,9.61,68.78,270.26,33.29,12.31,14.06,13.68,79.18,396.34,24.38,18.38,35.06,57.24,2.8,9.8,31.87,20.86,13.77,15.28,13.1,22.1
18.29,9.19,68.78,25.16,38.01,9.83,14.06,45.12,13.43,396.34,16.11,14.99,16.48,18.9,3.06,26.38,31.87,10.2,8.86,14.71,13.1,22.1
18.29,9.19,22.53,25.16,38.01,9.83,14.06,45.12,13.43,396.34,16.11,14.99,16.48,18.9,3.06,26.38,31.87,10.2,8.86,14.71,13.1,17.17
18.29,9.19,22.53,25.16,38.01,9.83,14.06,45.12,13.43,396.34,16.11,14.99,16.48,18.9,3.06,26.38,31.87,10.2,8.86,14.71,13.1,17.17
18.29,9.19,22.53,25.16,38.01,9.83,8.47,45.12,13.43,396.34,16.11,14.99,16.48,18.9,3.06,26.38,31.87,10.2,8.86,14.71,13.1,17.17
18.29,9.19,22.53,25.16,38.01,9.83,8.47,45.12,13.43,396.34,16.11,14.99,16.48,18.9,3.06,26.38,31.87,10.2,8.86,14.71,13.1,17.17
18.29,9.19,22.53,25.16,38.01,9.83,8.47,45.12,13.43,396.34,16.11,14.99,16.48,18.9,3.06,26.38,31.87,10.2,8.86,14.71,13.1,17.17
18.29,9.19,22.53,25.16,38.01,9.83,8.47,45.12,13.43,396.34,16.11,14.99,16.48,18.9,3.06,26.38,31.87,10.2,8.86,14.71,13.1,17.17
18.29,9.19,22.53,25.16,38.01,9.83,8.47,45.12,13.43,396.34,16.11,14.99,16.48,18.9,3.06,26.38,31.87,10.2,8.86,14.71,13.1,17.17
18.29,9.19,22.53,25.16,38.01,9.83,8.47,45.12,13.43,396.34,16.11,14.99,16.48,18.9,3.06,26.38,31.87,10.2,8.86,14.71,13.1,17.17
18.29,9.19,22.53,25.16,38.01,9.83,8.47,45.12,13.43,396.34,16.11,14.99,16.48,18.9,3.06,26.38,31.87,10.2,8.86,14.71,13.1,17.17
18.29,9.19,22.53,25.16,38.01,9.83,8.47,45.12,13.43,396.34,16.11,14.99,16.48,18.9,3.06,26.38,31.87,10.2,8.86,14.71,13.1,17.17
18.29,9.19,22.53,25.16,38.01,9.83,8.47,45.12,13.43,396.34,16.11,14.99,16.48,18.9,3.06,26.38,31.87,10.2,8.86,14.71,13.1,17.17
18.29,9.19,22.53,25.16,38.01,9.83,8.47,45.12,13.43,396.34,16.11,14.99,16.48,18.9,3.06,26.38,31.87,10.2,8.86,14.71,13.1,17.17
18.29,9.19,22.53,25.16,38.01,9.83,8.47,45.12,13.43,396.34,16.11,14.99,16.48,18.9,3.06,26.38,31.87,10.2,8.86,14.71,13.1,17.17
18.29,9.19,22.53,25.16,38.01,9.83,8.47,45.12,13.43,396.34,16.11,14.99,16.48,18.9,3.06,26.38,31.87,10.2,8.86,14.71,13.1,17.17
18.29,9.19,22.53,25.16,38.01,9.83,8.47,45.12,13.43,396.34,16.11,14.99,16.48,18.9,3.06,26.38,31.87,10.2,8.86,14.71,13.1,17.17
18.29,9.19,22.53,25.16,38.01,9.83,8.47,45.12,13.43,396.34,16.11,14.99,16.48,18.9,3.06,26.38,31.87,10.2,8.86,14.71,13.1,17.17
18.29,9.19,22.53,25.16,38.01,9.83,8.47,45.12,13.43,396.34,16.11,14.99,16.48,18.9,3.06,26.38,31.87,10.2,8.86,14.71,13.1,17.17
18.29,9.19,22.53,25.16,38.01,9.83,8.47,45.12,13.43,396.34,16.11,14.99,16.48,18.9,3.06,26.38,31.87,10.2,8.86,14.71,13.1,17.17
18.29,9.19,22.53,25.16,38.01,9.83,8.47,45.12,13.43,396.34,16.11,14.99,16.48,18.9,3.06,26.38,31.87,10.2,8.86,14.71,13.1,17.17
18.29,9.19,22.53,25.16,38.01,9.83,8.47,45.12,13.43,396.34,16.11,14.99,16.48,18.9,3.06,26.38,31.87,10.2,8.86,14.71,13.1,17.17
18.29,9.19,22.53,25.16,38.01,9.83,8.47,45.12,13.43,396.34,16.11,14.99,16.48,18.9,3.06,26.38,31.87,10.2,8.86,14.71,13.1,17.17
18.29,9.19,22.53,25.16,38.01,9.83,8.47,45.12,13.43,396.34,16.11,14.99,16.48,18.9,3.06,26.38,31.87,10.2,8.86,14.71,13.1,17.17
18.29,9.19,22.53,25.16,38.01,9.83,8.47,45.12,13.43,396.34,16.11,14.99,16.48,18.9,3.06,26.38,31.87,10.2,8.86,14.71,13.1,17.17
18.29,9.19,22.53,25.16,38.01,9.83,8.47,45.12,13.43,396.34,16.11,14.99,16.48,18.9,3.06,26.38,31.87,10.2,8.86,14.71,13.1,17.17
18.29,9.19,22.53,25.16,38.01,9.83,8.47,45.12,13.43,396.34,16.11,14.99,16.48,18.9,3.06,26.38,31.87,10.2,8.86,14.71,13.1,17.17
18.29,9.19,22.53,25.16,38.01,9.83,8.47,45.12,13.43,396.34,16.11,14.99,16.48,18.9,3.06,26.38,31.87,10.2,8.86,14.71,13.1,17.17
18.29,9.19,22.53,25.16,38.01,9.83,8.47,45.12,13.43,396.34,16.11,14.99,16.48,18.9,3.06,26.38,31.87,10.2,8.86,14.71,13.1,17.17
18.29,9.19,22.53,25.16,38.01,9.83,8.47,45.12,13.43,396.34,16.11,14.99,16.48,18.9,3.06,26.38,31.87,10.2,8.86,14.71,13.1,17.17
18.29,9.19,22.53,25.16,38.01,9.83,8.47,45.12,13.43,396.34,16.11,14.99,16.48,18.9,3.06,26.38,31.87,10.2,8.86,14.71,13.1,17.17
18.29,9.19,22.53,25.16,38.01,9.83,8.47,45.12,13.43,396.34,16.11,14.99,16.48,18.9,3.06,26.38,31.87,10.2,8.86,14.71,13.1,17.17
18.29,9.19,22.53,25.16,38.01,9.83,8.47,45.12,13.43,396.34,16.11,14.99,16.48,18.9,3.06,26.38,31.87,10.2,8.86,14.71,13.1,17.17
18.29,9.19,22.53,25.16,38.01,9.83,8.47,45.12,13.43,396.34,16.11,14.99,16.48,18.9,3.06,26.38,31.87,10.2,8.86,14.71,13.1,17.17
18.29,9.19,22.53,25.16,38.01,9.83,8.47,45.12,13.43,396.34,16.11,14.99,16.48,18.9,3.06,26.38,31.87,10.2,8.86,14.71,13.1,17.17
18.29,9.19,22.53,25.16,38.01,9.83,8.47,45.12,13.43,396.34,16.11,14.99,16.48,18.9,3.06,26.38,31.87,10.2,8.86,14.71,13.1,17.17
18.29,9.19,22.53,25.16,38.01,9.83,8.47,45.12,13.43,396.34,16.11,14.99,16.48,18.9,3.06,26.38,20.16,10.2,8.86,14.71,13.1,17.17
18.29,9.19,22.53,25.16,38.01,9.83,8.47,45.12,13.43,396.34,16.11,14.99,16.48,18.9,3.06,26.38,20.16,10.2,8.86,14.71,13.1,17.17
18.29,9.19,22.53,25.16,38.01,9.83,8.47,45.12,13.43,396.34,16.11,14.99,16.48,18.9,3.06,26.38,20.16,10.2,8.86,14.71,13.1,17.17
18.29,9.19,22.53,25.16,38.01,9.83,8.47,45.12,13.43,396.34,16.11,14.99,16.48,18.9,3.06,26.38,20.16,10.2,8.86,14.71,13.1,17.17
18.29,9.19,22.53,25.16,38.01,9.83,8.47,45.12,13.43,396.34,16.11,14.99,16.48,18.9,3.06,26.38,20.16,10.2,8.86,14.71,13.1,17.17
18.29,9.19,22.53,25.16,38.01,9.83,8.47,45.12,13.43,396.34,16.11,14.99,16.48,18.9,3.06,26.38,20.16,10.2,8.86,14.71,13.1,17.17
18.29,9.19,22.53,25.16,38.01,9.83,8.47,45.12,13.43,396.34,16.11,14.99,16.48,18.9,3.06,26.38,20.16,10.2,8.86,14.71,13.1,17.17
18.29,9.19,22.53,25.16,38.01,9.83,8.47,45.12,13.43,396.34,16.11,14.99,16.48,18.9,3.06,26.38,20.16,10.2,8.86,14.71,13.1,17.17
18.29,9.19,22.53,25.16,38.01,9.83,8.47,45.12,13.43,396.34,16.11,14.99,16.48,18.9,3.06,26.38,20.16,10.2,8.86,14.71,13.1,17.17
18.29,9.19,22.53,25.16,38.01,9.83,8.47,45.12,13.43,396.34,16.11,14.99,16.48,18.9,3.06,26.38,20.16,10.2,8.86,14.71,13.1,17.17
18.29,9.19,22.53,25.16,38.01,9.83,8.47,45.12,13.43,396.34,16.11,14.99,16.48,18.9,3.06,26.38,20.16,10.2,8.86,14.71,13.1,17.17
18.29,9.19,22.53,25.16,38.01,9.83,8.47,45.12,13.43,396.34,16.11,14.99,16.48,18.9,3.06,26.38,20.16,10.2,8.86,14.71,13.1,17.17
18.29,9.19,22.53,25.16,38.01,9.83,8.47,45.12,13.43,396.34,16.11,14.99,16.48,18.9,3.06,26.38,20.16,10.2,8.86,14.71,13.1,17.17
18.29,9.19,22.53,25.16,38.01,9.83,8.47,45.12,13.43,396.34,16.11,14.99,16.48,18.9,3.06,26.38,20.16,10.2,8.86,14.71,13.1,17.17
18.29,9.19,22.53,25.16,38.01,9.83,8.47,45.12,13.43,396.34,16.11,14.99,16.48,18.9,3.06,26.38,20.16,10.2,8.86,14.71,13.1,17.17
18.29,9.19,22.53,25.16,38.01,9.83,8.47,45.12,13.43,396.34,16.11,14.99,16.48,18.9,3.06,26.38,20.16,10.2,8.86,14.71,13.1,17.17
18.29,9.19,22.53,25.16,38.01,9.83,8.47,45.12,13.43,396.34,16.11,14.99,16.48,18.9,3.06,26.38,20.16,10.2,8.86,14.71,13.1,17.17
18.29,9.19,22.53,25.16,38.01,9.83,8.47,45.12,13.43,396.34,16.11,14.99,16.48,18.9,3.06,26.38,20.16,10.2,8.86,14.71,13.1,17.17
18.29,9.19,22.53,25.16,38.01,9.83,8.47,45.12,13.43,396.34,16.11,14.99,16.48,18.9,3.06,26.38,20.16,10.2,8.86,14.71,13.1,17.17
18.29,9.19,22.53,25.16,38.01,9.83,8.47,45.12,13.43,396.34,16.11,14.99,16.48,18.9,3.06,26.38,20.16,10.2,8.86,14.71,13.1,17.17
18.29,9.19,22.53,25.16,38.01,9.83,8.47,45.12,13.43,396.34,16.11,14.99,16.48,18.9,3.06,26.38,20.16,10.2,8.86,14.71,13.1,17.17
18.29,9.19,22.53,25.16,38.01,9.83,8.47,45.12,13.43,396.34,16.11,14.99,16.48,18.9,3.06,26.38,20.16,10.2,8.86,14.71,13.1,17.17
18.29,9.19,22.53,25.16,38.01,9.83,8.47,45.12,13.43,396.34,16.11,14.99,16.48,18.9,7.61,26.38,20.16,10.2,8.86,14.71,13.1,17.17
18.29,9.19,22.53,25.16,38.01,9.83,8.47,45.12,13.43,396.34,16.11,14.99,16.48,18.9,7.61,26.38,20.16,10.2,8.86,14.71,13.1,17.17
18.29,9.19,22.53,25.16,38.01,9.83,8.47,45.12,13.43,396.34,16.11,14.99,16.48,18.9,7.61,26.38,20.16,10.2,8.86,14.71,13.1,17.17
24.8,8.21,22.53,22.57,37.71,9.55,8.47,45.12,13.12,396.34,14.53,14.51,18.24,18.22,7.61,35.33,20.16,10.88,9.16,14.5,13.1,17.17
24.8,8.21,23.26,22.57,37.71,9.55,8.47,48.73,13.12,396.34,14.53,14.51,18.24,18.22,7.61,35.33,20.16,10.88,9.16,14.5,13.1,17.17
24.8,8.21,23.26,22.57,37.71,9.55,8.47,48.73,13.12,396.34,14.53,14.51,18.24,18.22,7.61,35.33,20.16,10.88,9.16,14.5,13.1,17.88
24.8,8.21,23.26,22.57,37.71,9.55,7.09,48.73,13.12,396.34,14.53,14.51,18.24,18.22,7.61,35.33,20.16,10.88,9.16,14.5,13.1,17.88
24.8,8.21,23.26,22.57,37.71,9.55,7.09,48.73,13.12,396.34,14.53,14.51,18.24,18.22,7.61,35.33,20.16,10.88,9.16,14.5,13.1,17.88
24.8,8.21,23.26,22.57,37.71,9.55,7.09,48.73,13.12,396.34,14.53,14.51,18.24,18.22,7.61,35.33,20.16,10.88,9.16,14.5,13.1,17.88
24.8,8.21,23.26,22.57,37.71,9.55,7.09,48.73,13.12,396.34,14.53,14.51,18.24,18.22,7.61,35.33,20.16,10.88,9.16,14.5,13.1,17.88
24.8,8.21,23.26,22.57,37.71,9.55,7.09,48.73,13.12,396.34,14.53,14.51,18.24,18.22,7.61,35.33,20.16,10.88,9.16,14.5,13.1,17.88
24.8,8.21,23.26,22.57,37.71,9.55,7.09,48.73,13.12,396.34,14.53,14.51,18.24,18.22,7.61,35.33,20.16,10.88,9.16,14.5,13.1,17.88
24.8,8.21,23.26,22.57,37.71,9.55,7.09,48.73,13.12,396.34,14.53,14.51,18.24,18.22,7.61,35.33,20.16,10.88,9.16,14.5,13.1,17.88
24.8,8.21,23.26,22.57,37.71,9.55,7.09,48.73,13.12,396.34,14.53,14.51,18.24,18.22,7.61,35.33,20.16,10.88,9.16,14.5,13.1,17.88
24.8,8.21,23.26,22.57,37.71,9.55,7.09,48.73,13.12,396.34,14.53,14.51,18.24,18.22,7.61,35.33,20.16,10.88,9.16,14.5,13.1,17.88
24.8,8.21,23.26,22.57,37.71,9.55,7.09,48.73,13.12,396.34,14.53,14.51,18.24,18.22,7.61,35.33,20.16,10.88,9.16,14.5,13.1,17.88
24.8,8.21,23.26,22.57,37.71,9.55,7.09,48.73,13.12,396.34,14.53,14.51,18.24,18.22,7.61,35.33,20.16,10.88,9.16,14.5,13.1,17.88
24.8,8.21,23.26,22.57,37.71,9.55,7.09,48.73,13.12,396.34,14.53,14.51,18.24,18.22,7.61,35.33,20.16,10.88,9.16,14.5,13.1,17.88
24.8,8.21,23.26,22.57,37.71,9.55,7.09,48.73,13.12,396.34,14.53,14.51,18.24,18.22,7.61,35.33,20.16,10.88,9.16,14.5,13.1,17.88
24.8,8.21,23.26,22.57,37.71,9.55,7.09,48.73,13.12,396.34,14.53,14.51,18.24,18.22,7.61,35.33,20.16,10.88,9.16,14.5,13.1,17.88
24.8,8.21,23.26,22.57,37.71,9.55,7.09,48.73,13.12,396.34,14.53,14.51,18.24,18.22,7.61,35.33,20.16,10.88,9.16,14.5,13.1,17.88
24.8,8.21,23.26,22.57,37.71,9.55,7.09,48.73,13.12,396.34,14.53,14.51,18.24,18.22,7.61,35.33,20.16,10.88,9.16,14.5,13.1,17.88
24.8,8.21,23.26,22.57,37.71,9.55,7.09,48.73,13.12,396.34,14.53,14.51,18.24,18.22,7.61,35.33,20.16,10.88,9.16,14.5,13.1,17.88
24.8,8.21,23.26,22.57,37.71,9.55,7.09,48.73,13.12,396.34,14.53,14.51,18.24,18.22,7.61,35.33,20.16,10.88,9.16,14.5,13.1,17.88
24.8,8.21,23.26,22.57,37.71,9.55,7.09,48.73,13.12,396.34,14.53,14.51,18.24,18.22,7.61,35.33,20.16,10.88,9.16,14.5,13.1,17.88
24.8,8.21,23.26,22.57,37.71,9.55,7.09,48.73,13.12,396.34,14.53,14.51,18.24,18.22,7.61,35.33,20.16,10.88,9.16,14.5,13.1,17.88
24.8,8.21,23.26,22.57,37.71,9.55,7.09,48.73,13.12,396.34,14.53,14.51,18.24,18.22,7.61,35.33,20.16,10.88,9.16,14.5,13.1,17.88
24.8,8.21,23.26,22.57,37.71,9.55,7.09,48.73,13.12,396.34,14.53,14.51,18.24,18.22,7.61,35.33,20.16,10.88,9.16,14.5,13.1,17.88
24.8,8.21,23.26,22.57,37.71,9.55,7.09,48.73,13.12,396.34,14.53,14.51,18.24,18.22,7.61,35.33,20.16,10.88,9.16,14.5,13.1,17.88
24.8,8.21,23.26,22.57,37.71,9.55,7.09,48.73,13.12,396.34,14.53,14.51,18.24,18.22,7.61,35.33,20.16,10.88,9.16,14.5,13.1,17.88
24.8,8.21,23.26,22.57,37.71,9.55,7.09,48.73,13.12,396.34,14.53,14.51,18.24,18.22,7.61,35.33,20.16,10.88,9.16,14.5,13.1,17.88
24.8,8.21,23.26,22.57,37.71,9.55,7.09,48.73,13.12,396.34,14.53,14.51,18.24,18.22,7.61,35.33,20.16,10.88,9.16,14.5,13.1,17.88
24.8,8.21,23.26,22.57,37.71,9.55,7.09,48.73,13.12,396.34,14.53,14.51,18.24,18.22,7.61,35.33,20.16,10.88,9.16,14.5,13.1,17.88
24.8,8.21,23.26,22.57,37.71,9.55,7.09,48.73,13.12,396.34,14.53,14.51,18.24,18.22,7.61,35.33,20.16,10.88,9.16,14.5,13.1,17.88
24.8,8.21,23.26,22.57,37.71,9.55,7.09,48.73,13.12,396.34,14.53,14.51,18.24,18.22,7.61,35.33,20.16,10.88,9.16,14.5,13.1,17.88
24.8,8.21,23.26,22.57,37.71,9.55,7.09,48.73,13.12,396.34,14.53,14.51,18.24,18.22,7.61,35.33,20.16,10.88,9.16,14.5,13.1,17.88
24.8,8.21,23.26,22.57,37.71,9.55,7.09,48.73,13.12,396.34,14.53,14.51,18.24,18.22,7.61,35.33,20.16,10.88,9.16,14.5,13.1,17.88
24.8,8.21,23.26,22.57,37.71,9.55,7.09,48.73,13.12,396.34,14.53,14.51,18.24,18.22,7.61,35.33,20.16,10.88,9.16,14.5,13.1,17.88
24.8,8.21,23.26,22.57,37.71,9.55,7.09,48.73,13.12,396.34,14.53,14.51,18.24,18.22,7.61,35.33,18.93,10.88,9.16,14.5,13.1,17.88
24.8,8.21,23.26,22.57,37.71,9.55,7.09,48.73,13.12,396.34,14.53,14.51,18.24,18.22,7.61,35.33,18.93,10.88,9.16,14.5,13.1,17.88
24.8,8.21,23.26,22.57,37.71,9.55,7.09,48.73,13.12,396.34,14.53,14.51,18.24,18.22,7.61,35.33,18.93,10.88,9.16,14.5,13.1,17.88
24.8,8.21,23.26,22.57,37.71,9.55,7.09,48.73,13.12,396.34,14.53,14.51,18.24,18.22,7.61,35.33,18.93,10.88,9.16,14.5,13.1,17.88
24.8,8.21,23.26,22.57,37.71,9.55,7.09,48.73,13.12,396.34,14.53,14.51,18.24,18.22,7.61,35.33,18.93,10.88,9.16,14.5,13.1,17.88
24.8,8.21,23.26,22.57,37.71,9.55,7.09,48.73,13.12,396.34,14.53,14.51,18.24,18.22,7.61,35.33,18.93,10.88,9.16,14.5,13.1,17.88
24.8,8.21,23.26,22.57,37.71,9.55,7.09,48.73,13.12,396.34,14.53,14.51,18.24,18.22,7.61,35.33,18.93,10.88,9.16,14.5,13.1,17.88
24.8,8.21,23.26,22.57,37.71,9.55,7.09,48.73,13.12,396.34,14.53,14.51,18.24,18.22,7.61,35.33,18.93,10.88,9.16,14.5,13.1,17.88
24.8,8.21,23.26,22.57,37.71,9.55,7.09,48.73,13.12,396.34,14.53,14.51,18.24,18.22,7.61,35.33,18.93,10.88,9.16,14.5,13.1,17.88
24.8,8.21,23.26,22.57,37.71,9.55,7.09,48.73,13.12,396.34,14.53,14.51,18.24,18.22,7.61,35.33,18.93,10.88,9.16,14.5,13.1,17.88
24.8,8.21,23.26,22.57,37.71,9.55,7.09,48.73,13.12,396.34,14.53,14.51,18.24,18.22,7.61,35.33,18.93,10.88,9.16,14.5,13.1,17.88
24.8,8.21,23.26,22.57,37.71,9.55,7.09,48.73,13.12,396.34,14.53,14.51,18.24,18.22,7.61,35.33,18.93,10.88,9.16,14.5,13.1,17.88
24.8,8.21,23.26,22.57,37.71,9.55,7.09,48.73,13.12,396.34,14.53,14.51,18.24,18.22,7.61,35.33,18.93,10.88,9.16,14.5,13.1,17.88
24.8,8.21,23.26,22.57,37.71,9.55,7.09,48.73,13.12,396.34,14.53,14.51,18.24,18.22,7.61,35.33,18.93,10.88,9.16,14.5,13.1,17.88
24.8,8.21,23.26,22.57,37.71,9.55,7.09,48.73,13.12,396.34,14.53,14.51,18.24,18.22,7.61,35.33,18.93,10.88,9.16,14.5,13.1,17.88
24.8,8.21,23.26,22.57,37.71,9.55,7.09,48.73,13.12,396.34,14.53,14.51,18.24,18.22,7.61,35.33,18.93,10.88,9.16,14.5,13.1,17.88
24.8,8.21,23.26,22.57,37.71,9.55,7.09,48.73,13.12,396.34,14.53,14.51,18.24,18.22,7.61,35.33,18.93,10.88,9.16,14.5,13.1,17.88
24.8,8.21,23.26,22.57,37.71,9.55,7.09,48.73,13.12,396.34,14.53,14.51,18.24,18.22,7.61,35.33,18.93,10.88,9.16,14.5,13.1,17.88
24.8,8.21,23.26,22.57,37.71,9.55,7.09,48.73,13.12,396.34,14.53,14.51,18.24,18.22,7.61,35.33,18.93,10.88,9.16,14.5,13.1,17.88
24.8,8.21,23.26,22.57,37.71,9.55,7.09,48.73,13.12,396.34,14.53,14.51,18.24,18.22,9.08,35.33,18.93,10.88,9.16,14.5,13.1,17.88
24.8,8.21,23.26,22.57,37.71,9.55,7.09,48.73,13.12,396.34,14.53,14.51,18.24,18.22,9.08,35.33,18.93,10.88,9.16,14.5,13.1,17.88
24.8,8.21,23.26,22.57,37.71,9.55,7.09,48.73,13.12,396.34,14.53,14.51,18.24,18.22,9.08,35.33,18.93,10.88,9.16,14.5,13.1,17.88
24.8,8.21,23.26,22.57,37.71,9.55,7.09,48.73,13.12,396.34,14.53,14.51,18.24,18.22,9.08,35.33,18.93,10.88,9.16,14.5,13.1,17.88
24.8,8.21,23.26,22.57,37.71,9.55,7.09,48.73,13.12,396.34,14.53,14.51,18.24,18.22,9.08,35.33,18.93,10.88,9.16,14.5,13.1,17.88
24.8,8.21,23.26,22.57,37.71,9.55,7.09,48.73,13.12,396.34,14.53,14.51,18.24,18.22,9.08,35.33,18.93,10.88,9.16,14.5,13.1,17.88
24.8,8.21,23.26,22.57,37.71,9.55,7.09,48.73,13.12,396.34,14.53,14.51,18.24,18.22,9.08,35.33,18.93,10.88,9.16,14.5,13.1,17.88
24.8,8.21,23.26,22.57,37.71,9.55,7.09,48.73,13.12,396.34,14.53,14.51,18.24,18.22,9.08,35.33,18.93,10.88,9.16,14.5,13.1,17.88
24.8,8.21,23.26,22.57,37.71,9.55,7.09,48.73,13.12,396.34,14.53,14.51,18.24,18.22,9.08,35.33,18.93,10.88,9.16,14.5,13.1,17.88
24.8,8.21,23.26,22.57,37.71,9.55,7.09,48.73,13.12,396.34,14.53,14.51,18.24,18.22,9.08,35.33,18.93,10.88,9.16,14.5,13.1,17.88
20.46,9.17,23.26,35.38,45.23,14.37,7.09,48.73,15.36,396.34,14.82,13.68,18.24,17.11,9.08,88,18.93,9.71,8.89,14.5,13.1,17.88
20.46,9.17,23.26,35.38,45.23,14.37,7.09,56.55,15.36,396.34,14.82,13.68,31.04,17.11,9.08,88,18.93,9.71,8.89,23.5,13.1,17.88
20.46,9.17,23.82,35.38,45.23,14.37,7.09,56.55,15.36,396.34,14.82,13.68,31.04,17.11,9.08,88,18.93,9.71,8.89,23.5,13.1,17.88
20.46,9.17,23.82,35.38,45.23,14.37,7.09,56.55,15.36,396.34,14.82,13.68,31.04,17.11,9.08,88,18.93,9.71,8.89,23.5,13.1,18.62
20.46,9.17,23.82,35.38,45.23,14.37,13.41,56.55,15.36,396.34,14.82,13.68,31.04,17.11,9.08,88,18.93,9.71,8.89,23.5,13.1,18.62
20.46,9.17,23.82,35.38,45.23,14.37,13.41,56.55,15.36,396.34,14.82,13.68,31.04,17.11,9.08,88,18.93,9.71,8.89,23.5,13.1,18.62
20.46,9.17,23.82,35.38,45.23,14.37,13.41,56.55,15.36,396.34,14.82,13.68,31.04,17.11,9.08,88,18.93,9.71,8.89,23.5,13.1,18.62
20.46,9.17,23.82,35.38,45.23,14.37,13.41,56.55,15.36,396.34,14.82,13.68,31.04,17.11,9.08,88,18.93,9.71,8.89,23.5,13.1,18.62
20.46,9.17,23.82,35.38,45.23,14.37,13.41,56.55,15.36,396.34,14.82,13.68,31.04,17.11,9.08,88,18.93,9.71,8.89,23.5,13.1,18.62
20.46,9.17,23.82,35.38,45.23,14.37,13.41,56.55,15.36,396.34,14.82,13.68,31.04,17.11,9.08,88,18.93,9.71,8.89,23.5,13.1,18.62
20.46,9.17,23.82,35.38,45.23,14.37,13.41,56.55,15.36,396.34,14.82,13.68,31.04,17.11,9.08,88,18.93,9.71,8.89,23.5,13.1,18.62
20.46,9.17,23.82,35.38,45.23,14.37,13.41,56.55,15.36,396.34,14.82,13.68,31.04,17.11,9.08,88,18.93,9.71,8.89,23.5,13.1,18.62
20.46,9.17,23.82,35.38,45.23,14.37,13.41,56.55,15.36,396.34,14.82,13.68,31.04,17.11,9.08,88,18.93,9.71,8.89,23.5,13.1,18.62
20.46,9.17,23.82,35.38,45.23,14.37,13.41,56.55,15.36,396.34,14.82,13.68,31.04,17.11,9.08,88,18.93,9.71,8.89,23.5,13.1,18.62
20.46,9.17,23.82,35.38,45.23,14.37,13.41,56.55,15.36,396.34,14.82,13.68,31.04,17.11,9.08,88,18.93,9.71,8.89,23.5,13.1,18.62
20.46,9.17,23.82,35.38,45.23,14.37,13.41,56.55,15.36,396.34,14.82,13.68,31.04,17.11,9.08,88,18.93,9.71,8.89,23.5,13.1,18.62
20.46,9.17,23.82,35.38,45.23,14.37,13.41,56.55,15.36,396.34,14.82,13.68,31.04,17.11,9.08,88,18.93,9.71,8.89,23.5,13.1,18.62
20.46,9.17,23.82,35.38,45.23,14.37,13.41,56.55,15.36,396.34,14.82,13.68,31.04,17.11,9.08,88,18.93,9.71,8.89,23.5,13.1,18.62
20.46,9.17,23.82,35.38,45.23,14.37,13.41,56.55,15.36,396.34,14.82,13.68,31.04,17.11,9.08,88,18.93,9.71,8.89,23.5,13.1,18.62
20.46,9.17,23.82,35.38,45.23,14.37,13.41,56.55,15.36,396.34,14.82,13.68,31.04,17.11,9.08,88,18.93,9.71,8.89,23.5,13.1,18.62
20.46,9.17,23.82,35.38,45.23,14.37,13.41,56.55,15.36,396.34,14.82,13.68,31.04,17.11,9.08,88,18.93,9.71,8.89,23.5,13.1,18.62
20.46,9.17,23.82,35.38,45.23,14.37,13.41,56.55,15.36,396.34,14.82,13.68,31.04,17.11,9.08,88,18.93,9.71,8.89,23.5,13.1,18.62
20.46,9.17,23.82,35.38,45.23,14.37,13.41,56.55,15.36,396.34,14.82,13.68,31.04,17.11,9.08,88,18.93,9.71,8.89,23.5,13.1,18.62
20.46,9.17,23.82,35.38,45.23,14.37,13.41,56.55,15.36,396.34,14.82,13.68,31.04,17.11,9.08,88,18.93,9.71,8.89,23.5,13.1,18.62
20.46,9.17,23.82,35.38,45.23,14.37,13.41,56.55,15.36,396.34,14.82,13.68,31.04,17.11,9.08,88,18.93,9.71,8.89,23.5,13.1,18.62
20.46,9.17,23.82,35.38,45.23,14.37,13.41,56.55,15.36,396.34,14.82,13.68,31.04,17.11,9.08,88,18.93,9.71,8.89,23.5,13.1,18.62
20.46,9.17,23.82,35.38,45.23,14.37,13.41,56.55,15.36,396.34,14.82,13.68,31.04,17.11,9.08,88,18.93,9.71,8.89,23.5,13.1,18.62
20.46,9.17,23.82,35.38,45.23,14.37,13.41,56.55,15.36,396.34,14.82,13.68,31.04,17.11,9.08,88,18.93,9.71,8.89,23.5,13.1,18.62
20.46,9.17,23.82,35.38,45.23,14.37,13.41,56.55,15.36,396.34,14.82,13.68,31.04,17.11,9.08,88,18.93,9.71,8.89,23.5,13.1,18.62
20.46,9.17,23.82,35.38,45.23,14.37,13.41,56.55,15.36,396.34,14.82,13.68,31.04,17.11,9.08,88,18.93,9.71,8.89,23.5,13.1,18.62
20.46,9.17,23.82,35.38,45.23,14.37,13.41,56.55,15.36,396.34,14.82,13.68,31.04,17.11,9.08,88,18.93,9.71,8.89,23.5,13.1,18.62
20.46,9.17,23.82,35.38,45.23,14.37,13.41,56.55,15.36,396.34,14.82,13.68,31.04,17.11,9.08,88,18.93,9.71,8.89,23.5,13.1,18.62
20.46,9.17,23.82,35.38,45.23,14.37,13.41,56.55,15.36,396.34,14.82,13.68,31.04,17.11,9.08,88,18.93,9.71,8.89,23.5,13.1,18.62
20.46,9.17,23.82,35.38,45.23,14.37,13.41,56.55,15.36,396.34,14.82,13.68,31.04,17.11,9.08,88,18.93,9.71,8.89,23.5,13.1,18.62
20.46,9.17,23.82,35.38,45.23,14.37,13.41,56.55,15.36,396.34,14.82,13.68,31.04,17.11,9.08,88,18.93,9.71,8.89,23.5,13.1,18.62
20.46,9.17,23.82,35.38,45.23,14.37,13.41,56.55,15.36,396.34,14.82,13.68,31.04,17.11,9.08,88,18.93,9.71,8.89,23.5,13.1,18.62
20.46,9.17,23.82,35.38,45.23,14.37,13.41,56.55,15.36,396.34,14.82,13.68,31.04,17.11,9.08,88,15.41,9.71,8.89,23.5,13.1,18.62
20.46,9.17,23.82,35.38,45.23,14.37,13.41,56.55,15.36,396.34,14.82,13.68,31.04,17.11,9.08,88,15.41,9.71,8.89,23.5,13.1,18.62
20.46,9.17,23.82,35.38,45.23,14.37,13.41,56.55,15.36,396.34,14.82,13.68,31.04,17.11,9.08,88,15.41,9.71,8.89,23.5,13.1,18.62
20.46,9.17,23.82,35.38,45.23,14.37,13.41,56.55,15.36,396.34,14.82,13.68,31.04,17.11,9.08,88,15.41,9.71,8.89,23.5,13.1,18.62
20.46,9.17,23.82,35.38,45.23,14.37,13.41,56.55,15.36,396.34,14.82,13.68,31.04,17.11,9.08,88,15.41,9.71,8.89,23.5,13.1,18.62
20.46,9.17,23.82,35.38,45.23,14.37,13.41,56.55,15.36,396.34,14.82,13.68,31.04,17.11,9.08,88,15.41,9.71,8.89,23.5,13.1,18.62
20.46,9.17,23.82,35.38,45.23,14.37,13.41,56.55,15.36,396.34,14.82,13.68,31.04,17.11,9.08,88,15.41,9.71,8.89,23.5,13.1,18.62
20.46,9.17,23.82,35.38,45.23,14.37,13.41,56.55,15.36,396.34,14.82,13.68,31.04,17.11,9.08,88,15.41,9.71,8.89,23.5,13.1,18.62
20.46,9.17,23.82,35.38,45.23,14.37,13.41,56.55,15.36,396.34,14.82,13.68,31.04,17.11,9.08,88,15.41,9.71,8.89,23.5,13.1,18.62
20.46,9.17,23.82,35.38,45.23,14.37,13.41,56.55,15.36,396.34,14.82,13.68,31.04,17.11,9.08,88,15.41,9.71,8.89,23.5,13.1,18.62
20.46,9.17,23.82,35.38,45.23,14.37,13.41,56.55,15.36,396.34,14.82,13.68,31.04,17.11,9.08,88,15.41,9.71,8.89,23.5,13.1,18.62
20.46,9.17,23.82,35.38,45.23,14.37,13.41,56.55,15.36,396.34,14.82,13.68,31.04,17.11,9.08,88,15.41,9.71,8.89,23.5,13.1,18.62
20.46,9.17,23.82,35.38,45.23,14.37,13.41,56.55,15.36,396.34,14.82,13.68,31.04,17.11,9.08,88,15.41,9.71,8.89,23.5,13.1,18.62
20.46,9.17,23.82,35.38,45.23,14.37,13.41,56.55,15.36,396.34,14.82,13.68,31.04,17.11,9.08,88,15.41,9.71,8.89,23.5,13.1,18.62
20.46,9.17,23.82,35.38,45.23,14.37,13.41,56.55,15.36,396.34,14.82,13.68,31.04,17.11,8.63,88,15.41,9.71,8.89,23.5,13.1,18.62
20.46,9.17,23.82,35.38,45.23,14.37,13.41,56.55,15.36,396.34,14.82,13.68,31.04,17.11,8.63,88,15.41,9.71,8.89,23.5,13.1,18.62
20.46,9.17,23.82,35.38,45.23,14.37,13.41,56.55,15.36,396.34,14.82,13.68,31.04,17.11,8.63,88,15.41,9.71,8.89,23.5,13.1,18.62
20.46,9.17,23.82,35.38,45.23,14.37,13.41,56.55,15.36,396.34,14.82,13.68,31.04,17.11,8.63,88,15.41,9.71,8.89,23.5,13.1,18.62
20.46,9.17,23.82,35.38,45.23,14.37,13.41,56.55,15.36,396.34,14.82,13.68,31.04,17.11,8.63,88,15.41,9.71,8.89,23.5,13.1,18.62
20.46,9.17,23.82,35.38,45.23,14.37,13.41,56.55,15.36,396.34,14.82,13.68,31.04,17.11,8.63,88,15.41,9.71,8.89,23.5,13.1,18.62
20.46,9.17,23.82,35.38,45.23,14.37,13.41,56.55,15.36,396.34,14.82,13.68,31.04,17.11,8.63,88,15.41,9.71,8.89,23.5,13.1,18.62
20.46,9.17,23.82,35.38,45.23,14.37,13.41,56.55,15.36,396.34,14.82,13.68,31.04,17.11,8.63,88,15.41,9.71,8.89,23.5,13.1,18.62
20.46,9.17,23.82,35.38,45.23,14.37,13.41,56.55,15.36,396.34,14.82,13.68,31.04,17.11,8.63,88,15.41,9.71,8.89,23.5,13.1,18.62
20.46,9.17,23.82,35.38,45.23,14.37,13.41,56.55,15.36,396.34,14.82,13.68,31.04,17.11,8.63,88,15.41,9.71,8.89,23.5,13.1,18.62
20.46,9.17,23.82,35.38,45.23,14.37,13.41,56.55,15.36,396.34,14.82,13.68,31.04,17.11,8.63,88,15.41,9.71,8.89,23.5,13.1,18.62
17.36,9.51,23.82,35.38,45.23,14.37,13.41,56.55,14.19,396.34,14.23,14.5,31.04,17.11,8.63,93.89,15.41,9.71,8.89,23.5,13.1,18.62
17.36,9.51,23.82,32.87,60.39,12.77,13.41,51.51,14.19,396.34,14.23,14.5,28.03,18.09,8.63,93.89,15.41,10.05,8.74,22.38,13.1,18.62
17.36,9.51,23.82,32.87,60.39,12.77,13.41,51.51,14.19,396.34,14.23,14.5,28.03,18.09,8.63,93.89,15.41,10.05,8.74,22.38,13.1,18.62
17.36,9.51,23.12,32.87,60.39,12.77,13.41,51.51,14.19,396.34,14.23,14.5,28.03,18.09,8.63,93.89,15.41,10.05,8.74,22.38,13.1,18.62
17.36,9.51,23.12,32.87,60.39,12.77,13.41,51.51,14.19,396.34,14.23,14.5,28.03,18.09,8.63,93.89,15.41,10.05,8.74,22.38,13.1,17.9
17.36,9.51,23.12,32.87,60.39,12.77,13.86,51.51,14.19,396.34,14.23,14.5,28.03,18.09,8.63,93.89,15.41,10.05,8.74,22.38,13.1,17.9
17.36,9.51,23.12,32.87,60.39,12.77,13.86,51.51,14.19,396.34,14.23,14.5,28.03,18.09,8.63,93.89,15.41,10.05,8.74,22.38,13.1,17.9
17.36,9.51,23.12,32.87,60.39,12.77,13.86,51.51,14.19,396.34,14.23,14.5,28.03,18.09,8.63,93.89,15.41,10.05,8.74,22.38,13.1,17.9
17.36,9.51,23.12,32.87,60.39,12.77,13.86,51.51,14.19,396.34,14.23,14.5,28.03,18.09,8.63,93.89,15.41,10.05,8.74,22.38,13.1,17.9
17.36,9.51,23.12,32.87,60.39,12.77,13.86,51.51,14.19,396.34,14.23,14.5,28.03,18.09,8.63,93.89,15.41,10.05,8.74,22.38,13.1,17.9
17.36,9.51,23.12,32.87,60.39,12.77,13.86,51.51,14.19,396.34,14.23,14.5,28.03,18.09,8.63,93.89,15.41,10.05,8.74,22.38,13.1,17.9
17.36,9.51,23.12,32.87,60.39,12.77,13.86,51.51,14.19,396.34,14.23,14.5,28.03,18.09,8.63,93.89,15.41,10.05,8.74,22.38,13.1,17.9
17.36,9.51,23.12,32.87,60.39,12.77,13.86,51.51,14.19,396.34,14.23,14.5,28.03,18.09,8.63,93.89,15.41,10.05,8.74,22.38,13.1,17.9
17.36,9.51,23.12,32.87,60.39,12.77,13.86,51.51,14.19,396.34,14.23,14.5,28.03,18.09,8.63,93.89,15.41,10.05,8.74,22.38,13.1,17.9
17.36,9.51,23.12,32.87,60.39,12.77,13.86,51.51,14.19,396.34,14.23,14.5,28.03,18.09,8.63,93.89,15.41,10.05,8.74,22.38,13.1,17.9
17.36,9.51,23.12,32.87,60.39,12.77,13.86,51.51,14.19,396.34,14.23,14.5,28.03,18.09,8.63,93.89,15.41,10.05,8.74,22.38,13.1,17.9
17.36,9.51,23.12,32.87,60.39,12.77,13.86,51.51,14.19,396.34,14.23,14.5,28.03,18.09,8.63,93.89,15.41,10.05,8.74,22.38,13.1,17.9
17.36,9.51,23.12,32.87,60.39,12.77,13.86,51.51,14.19,396.34,14.23,14.5,28.03,18.09,8.63,93.89,15.41,10.05,8.74,22.38,13.1,17.9
17.36,9.51,23.12,32.87,60.39,12.77,13.86,51.51,14.19,396.34,14.23,14.5,28.03,18.09,8.63,93.89,15.41,10.05,8.74,22.38,13.1,17.9
17.36,9.51,23.12,32.87,60.39,12.77,13.86,51.51,14.19,396.34,14.23,14.5,28.03,18.09,8.63,93.89,15.41,10.05,8.74,22.38,13.1,17.9
17.36,9.51,23.12,32.87,60.39,12.77,13.86,51.51,14.19,396.34,14.23,14.5,28.03,18.09,8.63,93.89,15.41,10.05,8.74,22.38,13.1,17.9
17.36,9.51,23.12,32.87,60.39,12.77,13.86,51.51,14.19,396.34,14.23,14.5,28.03,18.09,8.63,93.89,15.41,10.05,8.74,22.38,13.1,17.9
17.36,9.51,23.12,32.87,60.39,12.77,13.86,51.51,14.19,396.34,14.23,14.5,28.03,18.09,8.63,93.89,15.41,10.05,8.74,22.38,13.1,17.9
17.36,9.51,23.12,32.87,60.39,12.77,13.86,51.51,14.19,396.34,14.23,14.5,28.03,18.09,8.63,93.89,15.41,10.05,8.74,22.38,13.1,17.9
17.36,9.51,23.12,32.87,60.39,12.77,13.86,51.51,14.19,396.34,14.23,14.5,28.03,18.09,8.63,93.89,15.41,10.05,8.74,22.38,13.1,17.9
17.36,9.51,23.12,32.87,60.39,12.77,13.86,51.51,14.19,396.34,14.23,14.5,28.03,18.09,8.63,93.89,15.41,10.05,8.74,22.38,13.1,17.9
17.36,9.51,23.12,32.87,60.39,12.77,13.86,51.51,14.19,396.34,14.23,14.5,28.03,18.09,8.63,93.89,15.41,10.05,8.74,22.38,13.1,17.9
17.36,9.51,23.12,32.87,60.39,12.77,13.86,51.51,14.19,396.34,14.23,14.5,28.03,18.09,8.63,93.89,15.41,10.05,8.74,22.38,13.1,17.9
17.36,9.51,23.12,32.87,60.39,12.77,13.86,51.51,14.19,396.34,14.23,14.5,28.03,18.09,8.63,93.89,15.41,10.05,8.74,22.38,13.1,17.9
17.36,9.51,23.12,32.87,60.39,12.77,13.86,51.51,14.19,396.34,14.23,14.5,28.03,18.09,8.63,93.89,15.41,10.05,8.74,22.38,13.1,17.9
17.36,9.51,23.12,32.87,60.39,12.77,13.86,51.51,14.19,396.34,14.23,14.5,28.03,18.09,8.63,93.89,15.41,10.05,8.74,22.38,13.1,17.9
17.36,9.51,23.12,32.87,60.39,12.77,13.86,51.51,14.19,396.34,14.23,14.5,28.03,18.09,8.63,93.89,15.41,10.05,8.74,22.38,13.1,17.9
17.36,9.51,23.12,32.87,60.39,12.77,13.86,51.51,14.19,396.34,14.23,14.5,28.03,18.09,8.63,93.89,15.41,10.05,8.74,22.38,13.1,17.9
17.36,9.51,23.12,32.87,60.39,12.77,13.86,51.51,14.19,396.34,14.23,14.5,28.03,18.09,8.63,93.89,15.41,10.05,8.74,22.38,13.1,17.9
17.36,9.51,23.12,32.87,60.39,12.77,13.86,51.51,14.19,396.34,14.23,14.5,28.03,18.09,8.63,93.89,15.41,10.05,8.74,22.38,13.1,17.9
17.36,9.51,23.12,32.87,60.39,12.77,13.86,51.51,14.19,396.34,14.23,14.5,28.03,18.09,8.63,93.89,15.41,10.05,8.74,22.38,13.1,17.9
17.36,9.51,23.12,32.87,60.39,12.77,13.86,51.51,14.19,396.34,14.23,14.5,28.03,18.09,8.63,93.89,15.41,10.05,8.74,22.38,13.1,17.9
17.36,9.51,23.12,32.87,60.39,12.77,13.86,51.51,14.19,396.34,14.23,14.5,28.03,18.09,8.63,93.89,15.41,10.05,8.74,22.38,13.1,17.9
17.36,9.51,23.12,32.87,60.39,12.77,13.86,51.51,14.19,396.34,14.23,14.5,28.03,18.09,8.63,93.89,15.41,10.05,8.74,22.38,13.1,17.9
17.36,9.51,23.12,32.87,60.39,12.77,13.86,51.51,14.19,396.34,14.23,14.5,28.03,18.09,8.63,93.89,15.41,10.05,8.74,22.38,13.1,17.9
17.36,9.51,23.12,32.87,60.39,12.77,13.86,51.51,14.19,396.34,14.23,14.5,28.03,18.09,8.63,93.89,15.41,10.05,8.74,22.38,13.1,17.9
17.36,9.51,23.12,32.87,60.39,12.77,13.86,51.51,14.19,396.34,14.23,14.5,28.03,18.09,8.63,93.89,15.41,10.05,8.74,22.38,13.1,17.9
17.36,9.51,23.12,32.87,60.39,12.77,13.86,51.51,14.19,396.34,14.23,14.5,28.03,18.09,8.63,93.89,15.41,10.05,8.74,22.38,13.1,17.9
17.36,9.51,23.12,32.87,60.39,12.77,13.86,51.51,14.19,396.34,14.23,14.5,28.03,18.09,8.63,93.89,15.41,10.05,8.74,22.38,13.1,17.9
17.36,9.51,23.12,32.87,60.39,12.77,13.86,51.51,14.19,396.34,14.23,14.5,28.03,18.09,8.63,93.89,15.41,10.05,8.74,22.38,13.1,17.9
17.36,9.51,23.12,32.87,60.39,12.77,13.86,51.51,14.19,396.34,14.23,14.5,28.03,18.09,8.63,93.89,15.41,10.05,8.74,22.38,13.1,17.9
17.36,9.51,23.12,32.87,60.39,12.77,13.86,51.51,14.19,396.34,14.23,14.5,28.03,18.09,8.63,93.89,15.41,10.05,8.74,22.38,13.1,17.9
17.36,9.51,23.12,32.87,60.39,12.77,13.86,51.51,14.19,396.34,14.23,14.5,28.03,18.09,8.63,93.89,15.41,10.05,8.74,22.38,13.1,17.9
17.36,9.51,23.12,32.87,60.39,12.77,13.86,51.51,14.19,396.34,14.23,14.5,28.03,18.09,8.63,93.89,15.41,10.05,8.74,22.38,13.1,17.9
17.36,9.51,23.12,32.87,60.39,12.77,13.86,51.51,14.19,396.34,14.23,14.5,28.03,18.09,8.63,93.89,15.41,10.05,8.74,22.38,13.1,17.9
17.36,9.51,23.12,32.87,60.39,12.77,13.86,51.51,14.19,396.34,14.23,14.5,28.03,18.09,8.63,93.89,15.41,10.05,8.74,22.38,13.1,17.9
17.36,9.51,23.12,32.87,60.39,12.77,13.86,51.51,14.19,396.34,14.23,14.5,28.03,18.09,8.63,93.89,15.41,10.05,8.74,22.38,13.1,17.9
17.36,9.51,23.12,32.87,60.39,12.77,13.86,51.51,14.19,396.34,14.23,14.5,28.03,18.09,8.63,93.89,15.41,10.05,8.74,22.38,13.1,17.9
17.36,9.51,23.12,32.87,60.39,12.77,13.86,51.51,14.19,396.34,14.23,14.5,28.03,18.09,8.63,93.89,15.41,10.05,8.74,22.38,13.1,17.9
17.36,9.51,23.12,32.87,60.39,12.77,13.86,51.51,14.19,396.34,14.23,14.5,28.03,18.09,10.17,93.89,15.41,10.05,8.74,22.38,13.1,17.9
17.36,9.51,23.12,32.87,60.39,12.77,13.86,51.51,14.19,396.34,14.23,14.5,28.03,18.09,10.17,93.89,15.41,10.05,8.74,22.38,13.1,17.9
17.36,9.51,23.12,32.87,60.39,12.77,13.86,51.51,14.19,396.34,14.23,14.5,28.03,18.09,10.17,93.89,15.41,10.05,8.74,22.38,13.1,17.9
17.36,9.51,23.12,32.87,60.39,12.77,13.86,51.51,14.19,396.34,14.23,14.5,28.03,18.09,10.17,93.89,15.41,10.05,8.74,22.38,13.1,17.9
13,8.09,23.12,32.87,60.39,12.77,13.86,51.51,14.19,396.34,52.78,10.97,28.03,18.09,10.17,29.16,15.41,10.05,8.74,22.38,3.53,17.9
13,8.09,23.12,24.71,45.86,20.8,13.86,22.11,18.18,246.78,52.78,10.97,13.94,21.97,10.17,29.16,15.41,12.66,8.71,49.17,3.53,17.9
13,8.09,23.12,24.71,45.86,20.8,13.86,22.11,18.18,246.78,52.78,10.97,13.94,21.97,10.17,29.16,15.41,12.66,8.71,49.17,3.53,17.9
13,8.09,39.95,24.71,45.86,20.8,13.86,22.11,18.18,246.78,52.78,10.97,13.94,21.97,10.17,29.16,15.41,12.66,8.71,49.17,3.53,17.9
13,8.09,39.95,24.71,45.86,20.8,13.86,22.11,18.18,246.78,52.78,10.97,13.94,21.97,10.17,29.16,15.41,12.66,8.71,49.17,3.53,17.9
13,8.09,39.95,24.71,45.86,20.8,13.86,22.11,18.18,246.78,52.78,10.97,13.94,21.97,10.17,29.16,15.41,12.66,8.71,49.17,3.53,11.45
13,8.09,39.95,24.71,45.86,20.8,36.59,22.11,18.18,246.78,52.78,10.97,13.94,21.97,10.17,29.16,15.41,12.66,8.71,49.17,3.53,11.45
13,8.09,39.95,24.71,45.86,20.8,36.59,22.11,18.18,246.78,52.78,10.97,13.94,21.97,10.17,29.16,15.41,12.66,8.71,49.17,3.53,11.45
13,8.09,39.95,24.71,45.86,20.8,36.59,22.11,18.18,246.78,52.78,10.97,13.94,21.97,10.17,29.16,15.41,12.66,8.71,49.17,3.53,11.45
13,8.09,39.95,24.71,45.86,20.8,36.59,22.11,18.18,246.78,52.78,10.97,13.94,21.97,10.17,29.16,15.41,12.66,8.71,49.17,3.53,11.45
13,8.09,39.95,24.71,45.86,20.8,36.59,22.11,18.18,246.78,52.78,10.97,13.94,21.97,10.17,29.16,15.41,12.66,8.71,49.17,3.53,11.45
13,8.09,39.95,24.71,45.86,20.8,36.59,22.11,18.18,246.78,52.78,10.97,13.94,21.97,10.17,29.16,15.41,12.66,8.71,49.17,3.53,11.45
13,8.09,39.95,24.71,45.86,20.8,36.59,22.11,18.18,246.78,52.78,10.97,13.94,21.97,10.17,29.16,15.41,12.66,8.71,49.17,3.53,11.45
13,8.09,39.95,24.71,45.86,20.8,36.59,22.11,18.18,246.78,52.78,10.97,13.94,21.97,10.17,29.16,15.41,12.66,8.71,49.17,3.53,11.45
13,8.09,39.95,24.71,45.86,20.8,36.59,22.11,18.18,246.78,52.78,10.97,13.94,21.97,10.17,29.16,15.41,12.66,8.71,49.17,3.53,11.45
13,8.09,39.95,24.71,45.86,20.8,36.59,22.11,18.18,246.78,52.78,10.97,13.94,21.97,10.17,29.16,15.41,12.66,8.71,49.17,3.53,11.45
13,8.09,39.95,24.71,45.86,20.8,36.59,22.11,18.18,246.78,52.78,10.97,13.94,21.97,10.17,29.16,15.41,12.66,8.71,49.17,3.53,11.45
13,8.09,39.95,24.71,45.86,20.8,36.59,22.11,18.18,246.78,52.78,10.97,13.94,21.97,10.17,29.16,15.41,12.66,8.71,49.17,3.53,11.45
13,8.09,39.95,24.71,45.86,20.8,36.59,22.11,18.18,246.78,52.78,10.97,13.94,21.97,10.17,29.16,15.41,12.66,8.71,49.17,3.53,11.45
13,8.09,39.95,24.71,45.86,20.8,36.59,22.11,18.18,246.78,52.78,10.97,13.94,21.97,10.17,29.16,15.41,12.66,8.71,49.17,3.53,11.45
13,8.09,39.95,24.71,45.86,20.8,36.59,22.11,18.18,246.78,52.78,10.97,13.94,21.97,10.17,29.16,15.41,12.66,8.71,49.17,3.53,11.45
13,8.09,39.95,24.71,45.86,20.8,36.59,22.11,18.18,246.78,52.78,10.97,13.94,21.97,10.17,29.16,15.41,12.66,8.71,49.17,3.53,11.45
13,8.09,39.95,24.71,45.86,20.8,36.59,22.11,18.18,246.78,52.78,10.97,13.94,21.97,10.17,29.16,15.41,12.66,8.71,49.17,3.53,11.45
13,8.09,39.95,24.71,45.86,20.8,36.59,22.11,18.18,246.78,52.78,10.97,13.94,21.97,10.17,29.16,15.41,12.66,8.71,49.17,3.53,11.45
13,8.09,39.95,24.71,45.86,20.8,36.59,22.11,18.18,246.78,52.78,10.97,13.94,21.97,10.17,29.16,15.41,12.66,8.71,49.17,3.53,11.45
13,8.09,39.95,24.71,45.86,20.8,36.59,22.11,18.18,246.78,52.78,10.97,13.94,21.97,10.17,29.16,15.41,12.66,8.71,49.17,3.53,11.45
13,8.09,39.95,24.71,45.86,20.8,36.59,22.11,18.18,246.78,52.78,10.97,13.94,21.97,10.17,29.16,15.41,12.66,8.71,49.17,3.53,11.45
13,8.09,39.95,24.71,45.86,20.8,36.59,22.11,18.18,246.78,52.78,10.97,13.94,21.97,10.17,29.16,15.41,12.66,8.71,49.17,3.53,11.45
13,8.09,39.95,24.71,45.86,20.8,36.59,22.11,18.18,246.78,52.78,10.97,13.94,21.97,10.17,29.16,15.41,12.66,8.71,49.17,3.53,11.45
13,8.09,39.95,24.71,45.86,20.8,36.59,22.11,18.18,246.78,52.78,10.97,13.94,21.97,10.17,29.16,15.41,12.66,8.71,49.17,3.53,11.45
13,8.09,39.95,24.71,45.86,20.8,36.59,22.11,18.18,246.78,52.78,10.97,13.94,21.97,10.17,29.16,15.41,12.66,8.71,49.17,3.53,11.45
13,8.09,39.95,24.71,45.86,20.8,36.59,22.11,18.18,246.78,52.78,10.97,13.94,21.97,10.17,29.16,15.41,12.66,8.71,49.17,3.53,11.45
13,8.09,39.95,24.71,45.86,20.8,36.59,22.11,18.18,246.78,52.78,10.97,13.94,21.97,10.17,29.16,15.41,12.66,8.71,49.17,3.53,11.45
13,8.09,39.95,24.71,45.86,20.8,36.59,22.11,18.18,246.78,52.78,10.97,13.94,21.97,10.17,29.16,15.41,12.66,8.71,49.17,3.53,11.45
13,8.09,39.95,24.71,45.86,20.8,36.59,22.11,18.18,246.78,52.78,10.97,13.94,21.97,10.17,29.16,15.41,12.66,8.71,49.17,3.53,11.45
13,8.09,39.95,24.71,45.86,20.8,36.59,22.11,18.18,246.78,52.78,10.97,13.94,21.97,10.17,29.16,15.41,12.66,8.71,49.17,3.53,11.45
13,8.09,39.95,24.71,45.86,20.8,36.59,22.11,18.18,246.78,52.78,10.97,13.94,21.97,10.17,29.16,32.54,12.66,8.71,49.17,3.53,11.45
13,8.09,39.95,24.71,45.86,20.8,36.59,22.11,18.18,246.78,52.78,10.97,13.94,21.97,10.17,29.16,32.54,12.66,8.71,49.17,3.53,11.45
13,8.09,39.95,24.71,45.86,20.8,36.59,22.11,18.18,246.78,52.78,10.97,13.94,21.97,10.17,29.16,32.54,12.66,8.71,49.17,3.53,11.45
13,8.09,39.95,24.71,45.86,20.8,36.59,22.11,18.18,246.78,52.78,10.97,13.94,21.97,10.17,29.16,32.54,12.66,8.71,49.17,3.53,11.45
13,8.09,39.95,24.71,45.86,20.8,36.59,22.11,18.18,246.78,52.78,10.97,13.94,21.97,10.17,29.16,32.54,12.66,8.71,49.17,3.53,11.45
13,8.09,39.95,24.71,45.86,20.8,36.59,22.11,18.18,246.78,52.78,10.97,13.94,21.97,10.17,29.16,32.54,12.66,8.71,49.17,3.53,11.45
13,8.09,39.95,24.71,45.86,20.8,36.59,22.11,18.18,246.78,52.78,10.97,13.94,21.97,10.17,29.16,32.54,12.66,8.71,49.17,3.53,11.45
13,8.09,39.95,24.71,45.86,20.8,36.59,22.11,18.18,246.78,52.78,10.97,13.94,21.97,10.17,29.16,32.54,12.66,8.71,49.17,3.53,11.45
13,8.09,39.95,24.71,45.86,20.8,36.59,22.11,18.18,246.78,52.78,10.97,13.94,21.97,10.17,29.16,32.54,12.66,8.71,49.17,3.53,11.45
13,8.09,39.95,24.71,45.86,20.8,36.59,22.11,18.18,246.78,52.78,10.97,13.94,21.97,10.17,29.16,32.54,12.66,8.71,49.17,3.53,11.45
13,8.09,39.95,24.71,45.86,20.8,36.59,22.11,18.18,246.78,52.78,10.97,13.94,21.97,10.17,29.16,32.54,12.66,8.71,49.17,3.53,11.45
13,8.09,39.95,24.71,45.86,20.8,36.59,22.11,18.18,246.78,52.78,10.97,13.94,21.97,10.17,29.16,32.54,12.66,8.71,49.17,3.53,11.45
13,8.09,39.95,24.71,45.86,20.8,36.59,22.11,18.18,246.78,52.78,10.97,13.94,21.97,10.17,29.16,32.54,12.66,8.71,49.17,3.53,11.45
13,8.09,39.95,24.71,45.86,20.8,36.59,22.11,18.18,246.78,52.78,10.97,13.94,21.97,10.17,29.16,32.54,12.66,8.71,49.17,3.53,11.45
13,8.09,39.95,24.71,45.86,20.8,36.59,22.11,18.18,246.78,52.78,10.97,13.94,21.97,10.17,29.16,15.41,12.66,8.71,49.17,3.53,11.45
13,8.09,39.95,24.71,45.86,20.8,36.59,22.11,18.18,246.78,52.78,10.97,13.94,21.97,10.17,29.16,32.54,12.66,8.71,49.17,3.53,11.45
13,8.09,39.95,24.71,45.86,20.8,36.59,22.11,18.18,246.78,52.78,10.97,13.94,21.97,10.17,29.16,32.54,12.66,8.71,49.17,3.53,11.45
13,8.09,39.95,24.71,45.86,20.8,36.59,22.11,18.18,246.78,52.78,10.97,13.94,21.97,10.17,29.16,32.54,12.66,8.71,49.17,3.53,11.45
13,8.09,39.95,24.71,45.86,20.8,36.59,22.11,18.18,246.78,52.78,10.97,13.94,21.97,10.17,29.16,32.54,12.66,8.71,49.17,3.53,11.45
13,8.09,39.95,24.71,45.86,20.8,36.59,22.11,18.18,246.78,52.78,10.97,13.94,21.97,10.17,29.16,32.54,12.66,8.71,49.17,3.53,11.45
13,8.09,39.95,24.71,45.86,20.8,36.59,22.11,18.18,246.78,52.78,10.97,13.94,21.97,10.17,29.16,32.54,12.66,8.71,49.17,3.53,11.45
13,8.09,39.95,24.71,45.86,20.8,36.59,22.11,18.18,246.78,52.78,10.97,13.94,21.97,10.17,29.16,32.54,12.66,8.71,49.17,3.53,11.45
13,8.09,39.95,24.71,45.86,20.8,36.59,22.11,18.18,246.78,52.78,10.97,13.94,21.97,9.85,29.16,32.54,12.66,8.71,49.17,3.53,11.45
13.55,8.15,39.95,24.71,45.86,20.8,36.59,22.11,18.18,246.78,45.56,9.41,13.94,21.97,9.85,31.64,32.54,12.66,8.71,49.17,3.53,11.45
13.55,8.15,39.95,31.91,44.15,23.77,36.59,29.43,19.99,331.58,45.56,9.41,12.65,21.13,9.85,31.64,32.54,12.66,8.16,52.07,3.7,11.45
13.55,8.15,39.95,31.91,44.15,23.77,36.59,29.43,19.99,331.58,45.56,9.41,12.65,21.13,9.85,31.64,32.54,12.66,8.16,52.07,3.7,11.45
13.55,8.15,39.95,31.91,44.15,23.77,36.59,29.43,19.99,331.58,45.56,9.41,12.65,21.13,9.85,31.64,32.54,13.24,8.16,52.07,3.7,11.45
13.55,8.15,35.14,31.91,44.15,23.77,36.59,29.43,19.99,331.58,45.56,9.41,12.65,21.13,9.85,31.64,32.54,13.24,8.16,52.07,3.7,11.45
13.55,8.15,35.14,31.91,44.15,23.77,36.59,29.43,19.99,331.58,45.56,9.41,12.65,21.13,9.85,31.64,32.54,13.24,8.16,52.07,3.7,9.42
13.55,8.15,35.14,31.91,44.15,23.77,36.59,29.43,19.99,331.58,45.56,9.41,12.65,21.13,9.85,31.64,32.54,13.24,8.16,52.07,3.7,9.42
13.55,8.15,35.14,31.91,44.15,23.77,32.7,29.43,19.99,331.58,45.56,9.41,12.65,21.13,9.85,31.64,32.54,13.24,8.16,52.07,3.7,9.42
13.55,8.15,35.14,31.91,44.15,23.77,32.7,29.43,19.99,331.58,45.56,9.41,12.65,21.13,9.85,31.64,32.54,13.24,8.16,52.07,3.7,9.42
13.55,8.15,35.14,31.91,44.15,23.77,32.7,29.43,19.99,331.58,45.56,9.41,12.65,21.13,9.85,31.64,32.54,13.24,8.16,52.07,3.7,9.42
13.55,8.15,35.14,31.91,44.15,23.77,32.7,29.43,19.99,331.58,45.56,9.41,12.65,21.13,9.85,31.64,32.54,13.24,8.16,52.07,3.7,9.42
13.55,8.15,35.14,31.91,44.15,23.77,32.7,29.43,19.99,331.58,45.56,9.41,12.65,21.13,9.85,31.64,32.54,13.24,8.16,52.07,3.7,9.42
13.55,8.15,35.14,31.91,44.15,23.77,32.7,29.43,19.99,331.58,45.56,9.41,12.65,21.13,9.85,31.64,32.54,13.24,8.16,52.07,3.7,9.42
13.55,8.15,35.14,31.91,44.15,23.77,32.7,29.43,19.99,331.58,45.56,9.41,12.65,21.13,9.85,31.64,32.54,13.24,8.16,52.07,3.7,9.42
13.55,8.15,35.14,31.91,44.15,23.77,32.7,29.43,19.99,331.58,45.56,9.41,12.65,21.13,9.85,31.64,32.54,13.24,8.16,52.07,3.7,9.42
13.55,8.15,35.14,31.91,44.15,23.77,32.7,29.43,19.99,331.58,45.56,9.41,12.65,21.13,9.85,31.64,32.54,13.24,8.16,52.07,3.7,9.42
13.55,8.15,35.14,31.91,44.15,23.77,32.7,29.43,19.99,331.58,45.56,9.41,12.65,21.13,9.85,31.64,32.54,13.24,8.16,52.07,3.7,9.42
13.55,8.15,35.14,31.91,44.15,23.77,32.7,29.43,19.99,331.58,45.56,9.41,12.65,21.13,9.85,31.64,32.54,13.24,8.16,52.07,3.7,9.42
13.55,8.15,35.14,31.91,44.15,23.77,32.7,29.43,19.99,331.58,45.56,9.41,12.65,21.13,9.85,31.64,32.54,13.24,8.16,52.07,3.7,9.42
13.55,8.15,35.14,31.91,44.15,23.77,32.7,29.43,19.99,331.58,45.56,9.41,12.65,21.13,9.85,31.64,32.54,13.24,8.16,52.07,3.7,9.42
13.55,8.15,35.14,31.91,44.15,23.77,32.7,29.43,19.99,331.58,45.56,9.41,12.65,21.13,9.85,31.64,32.54,13.24,8.16,52.07,3.7,9.42
13.55,8.15,35.14,31.91,44.15,23.77,32.7,29.43,19.99,331.58,45.56,9.41,12.65,21.13,9.85,31.64,32.54,13.24,8.16,52.07,3.7,9.42
13.55,8.15,35.14,31.91,44.15,23.77,32.7,29.43,19.99,331.58,45.56,9.41,12.65,21.13,9.85,31.64,32.54,13.24,8.16,52.07,3.7,9.42
13.55,8.15,35.14,31.91,44.15,23.77,32.7,29.43,19.99,331.58,45.56,9.41,12.65,21.13,9.85,31.64,32.54,13.24,8.16,52.07,3.7,9.42
13.55,8.15,35.14,31.91,44.15,23.77,32.7,29.43,19.99,331.58,45.56,9.41,12.65,21.13,9.85,31.64,32.54,13.24,8.16,52.07,3.7,9.42
13.55,8.15,35.14,31.91,44.15,23.77,32.7,29.43,19.99,331.58,45.56,9.41,12.65,21.13,9.85,31.64,32.54,13.24,8.16,52.07,3.7,9.42
13.55,8.15,35.14,31.91,44.15,23.77,32.7,29.43,19.99,331.58,45.56,9.41,12.65,21.13,9.85,31.64,32.54,13.24,8.16,52.07,3.7,9.42
13.55,8.15,35.14,31.91,44.15,23.77,32.7,29.43,19.99,331.58,45.56,9.41,12.65,21.13,9.85,31.64,32.54,13.24,8.16,52.07,3.7,9.42
13.55,8.15,35.14,31.91,44.15,23.77,32.7,29.43,19.99,331.58,45.56,9.41,12.65,21.13,9.85,31.64,32.54,13.24,8.16,52.07,3.7,9.42
13.55,8.15,35.14,31.91,44.15,23.77,32.7,29.43,19.99,331.58,45.56,9.41,12.65,21.13,9.85,31.64,32.54,13.24,8.16,52.07,3.7,9.42
13.55,8.15,35.14,31.91,44.15,23.77,32.7,29.43,19.99,331.58,45.56,9.41,12.65,21.13,9.85,31.64,32.54,13.24,8.16,52.07,3.7,9.42
13.55,8.15,35.14,31.91,44.15,23.77,32.7,29.43,19.99,331.58,45.56,9.41,12.65,21.13,9.85,31.64,32.54,13.24,8.16,52.07,3.7,9.42
13.55,8.15,35.14,31.91,44.15,23.77,32.7,29.43,19.99,331.58,45.56,9.41,12.65,21.13,9.85,31.64,32.54,13.24,8.16,52.07,3.7,9.42
13.55,8.15,35.14,31.91,44.15,23.77,32.7,29.43,19.99,331.58,45.56,9.41,12.65,21.13,9.85,31.64,32.54,13.24,8.16,52.07,3.7,9.42
13.55,8.15,35.14,31.91,44.15,23.77,32.7,29.43,19.99,331.58,45.56,9.41,12.65,21.13,9.85,31.64,32.54,13.24,8.16,52.07,3.7,9.42
13.55,8.15,35.14,31.91,44.15,23.77,32.7,29.43,19.99,331.58,45.56,9.41,12.65,21.13,9.85,31.64,29.05,13.24,8.16,52.07,3.7,9.42
13.55,8.15,35.14,31.91,44.15,23.77,32.7,29.43,19.99,331.58,45.56,9.41,12.65,21.13,9.85,31.64,29.05,13.24,8.16,52.07,3.7,9.42
13.55,8.15,35.14,31.91,44.15,23.77,32.7,29.43,19.99,331.58,45.56,9.41,12.65,21.13,9.85,31.64,29.05,13.24,8.16,52.07,3.7,9.42
13.55,8.15,35.14,31.91,44.15,23.77,32.7,29.43,19.99,331.58,45.56,9.41,12.65,21.13,9.85,31.64,29.05,13.24,8.16,52.07,3.7,9.42
13.55,8.15,35.14,31.91,44.15,23.77,32.7,29.43,19.99,331.58,45.56,9.41,12.65,21.13,9.85,31.64,29.05,13.24,8.16,52.07,3.7,9.42
13.55,8.15,35.14,31.91,44.15,23.77,32.7,29.43,19.99,331.58,45.56,9.41,12.65,21.13,9.85,31.64,29.05,13.24,8.16,52.07,3.7,9.42
13.55,8.15,35.14,31.91,44.15,23.77,32.7,29.43,19.99,331.58,45.56,9.41,12.65,21.13,9.85,31.64,29.05,13.24,8.16,52.07,3.7,9.42
13.55,8.15,35.14,31.91,44.15,23.77,32.7,29.43,19.99,331.58,45.56,9.41,12.65,21.13,9.85,31.64,29.05,13.24,8.16,52.07,3.7,9.42
13.55,8.15,35.14,31.91,44.15,23.77,32.7,29.43,19.99,331.58,45.56,9.41,12.65,21.13,9.85,31.64,29.05,13.24,8.16,52.07,3.7,9.42
13.55,8.15,35.14,31.91,44.15,23.77,32.7,29.43,19.99,331.58,45.56,9.41,12.65,21.13,9.85,31.64,29.05,13.24,8.16,52.07,3.7,9.42
13.55,8.15,35.14,31.91,44.15,23.77,32.7,29.43,19.99,331.58,45.56,9.41,12.65,21.13,9.85,31.64,29.05,13.24,8.16,52.07,3.7,9.42
13.55,8.15,35.14,31.91,44.15,23.77,32.7,29.43,19.99,331.58,45.56,9.41,12.65,21.13,9.85,31.64,29.05,13.24,8.16,52.07,3.7,9.42
13.55,8.15,35.14,31.91,44.15,23.77,32.7,29.43,19.99,331.58,45.56,9.41,12.65,21.13,9.85,31.64,29.05,13.24,8.16,52.07,3.7,9.42
13.55,8.15,35.14,31.91,44.15,23.77,32.7,29.43,19.99,331.58,45.56,9.41,12.65,21.13,9.85,31.64,29.05,13.24,8.16,52.07,3.7,9.42
13.55,8.15,35.14,31.91,44.15,23.77,32.7,29.43,19.99,331.58,45.56,9.41,12.65,21.13,9.85,31.64,29.05,13.24,8.16,52.07,3.7,9.42
13.55,8.15,35.14,31.91,44.15,23.77,32.7,29.43,19.99,331.58,45.56,9.41,12.65,21.13,9.85,31.64,29.05,13.24,8.16,52.07,3.7,9.42
13.55,8.15,35.14,31.91,44.15,23.77,32.7,29.43,19.99,331.58,45.56,9.41,12.65,21.13,9.85,31.64,29.05,13.24,8.16,52.07,3.7,9.42
13.55,8.15,35.14,31.91,44.15,23.77,32.7,29.43,19.99,331.58,45.56,9.41,12.65,21.13,9.85,31.64,29.05,13.24,8.16,52.07,3.7,9.42
13.55,8.15,35.14,31.91,44.15,23.77,32.7,29.43,19.99,331.58,45.56,9.41,12.65,21.13,9.85,31.64,29.05,13.24,8.16,52.07,3.7,9.42
13.55,8.15,35.14,31.91,44.15,23.77,32.7,29.43,19.99,331.58,45.56,9.41,12.65,21.13,9.85,31.64,29.05,13.24,8.16,52.07,3.7,9.42
13.55,8.15,35.14,31.91,44.15,23.77,32.7,29.43,19.99,331.58,45.56,9.41,12.65,21.13,9.85,31.64,29.05,13.24,8.16,52.07,3.7,9.42
13.55,8.15,35.14,31.91,44.15,23.77,32.7,29.43,19.99,331.58,45.56,9.41,12.65,21.13,9.85,31.64,29.05,13.24,8.16,52.07,3.7,9.42
13.55,8.15,35.14,31.91,44.15,23.77,32.7,29.43,19.99,331.58,45.56,9.41,12.65,21.13,4.12,31.64,29.05,13.24,8.16,52.07,3.7,9.42
13.55,8.15,35.14,31.91,44.15,23.77,32.7,29.43,19.99,331.58,45.56,9.41,12.65,21.13,4.12,31.64,29.05,13.24,8.16,52.07,3.7,9.42
13.55,8.15,35.14,31.91,44.15,23.77,32.7,29.43,19.99,331.58,45.56,9.41,12.65,21.13,4.12,31.64,29.05,13.24,8.16,52.07,3.7,9.42
13.55,8.15,35.14,31.91,44.15,23.77,32.7,29.43,19.99,331.58,45.56,9.41,12.65,21.13,4.12,31.64,29.05,13.24,8.16,52.07,3.7,9.42
13.55,8.15,35.14,31.91,44.15,23.77,32.7,29.43,19.99,331.58,45.56,9.41,12.65,21.13,4.12,31.64,29.05,13.24,8.16,52.07,3.7,9.42
13.55,8.15,35.14,31.91,44.15,23.77,32.7,29.43,19.99,331.58,45.56,9.41,12.65,21.13,4.12,31.64,29.05,13.24,8.16,52.07,3.7,9.42
13.55,8.15,35.14,31.91,44.15,23.77,32.7,29.43,19.99,331.58,45.56,9.41,12.65,21.13,4.12,31.64,29.05,13.24,8.16,52.07,3.7,9.42
13.55,8.15,35.14,31.91,44.15,23.77,32.7,29.43,19.99,331.58,45.56,9.41,12.65,21.13,4.12,31.64,29.05,13.24,8.16,52.07,3.7,9.42
11.63,8.19,35.14,31.91,44.15,23.77,32.7,29.43,19.99,331.58,42.05,8.35,12.65,21.13,4.12,31.64,29.05,13.24,8.16,52.07,3.7,9.42
11.63,8.19,35.14,24.44,46.23,23.52,32.7,29.43,16.47,242.83,42.05,8.35,12.65,25.31,4.12,24.59,29.05,13.24,8.16,58.04,3.37,9.42
11.63,8.19,35.14,24.44,46.23,23.52,32.7,26.07,16.47,242.83,42.05,8.35,11.79,25.31,4.12,24.59,29.05,13.24,8.16,58.04,3.37,9.42
11.63,8.19,35.14,24.44,46.23,23.52,32.7,26.07,16.47,242.83,42.05,8.35,11.79,25.31,4.12,24.59,29.05,17.48,8.16,58.04,3.37,9.42
11.63,8.19,44.69,24.44,46.23,23.52,32.7,26.07,16.47,242.83,42.05,8.35,11.79,25.31,4.12,24.59,29.05,17.48,8.16,58.04,3.37,9.42
11.63,8.19,44.69,24.44,46.23,23.52,32.7,26.07,16.47,242.83,42.05,8.35,11.79,25.31,4.12,24.59,29.05,17.48,8.16,58.04,3.37,9.42
11.63,8.19,44.69,24.44,46.23,23.52,32.7,26.07,16.47,242.83,42.05,8.35,11.79,25.31,4.12,24.59,29.05,17.48,8.16,58.04,3.37,7.92
11.63,8.19,44.69,24.44,46.23,23.52,27.67,26.07,16.47,242.83,42.05,8.35,11.79,25.31,4.12,24.59,29.05,17.48,8.16,58.04,3.37,7.92
11.63,8.19,44.69,24.44,46.23,23.52,27.67,26.07,16.47,242.83,42.05,8.35,11.79,25.31,4.12,24.59,29.05,17.48,8.16,58.04,3.37,7.92
11.63,8.19,44.69,24.44,46.23,23.52,27.67,26.07,16.47,242.83,42.05,8.35,11.79,25.31,4.12,24.59,29.05,17.48,8.16,58.04,3.37,7.92
11.63,8.19,44.69,24.44,46.23,23.52,27.67,26.07,16.47,242.83,42.05,8.35,11.79,25.31,4.12,24.59,29.05,17.48,8.16,58.04,3.37,7.92
11.63,8.19,44.69,24.44,46.23,23.52,27.67,26.07,16.47,242.83,42.05,8.35,11.79,25.31,4.12,24.59,29.05,17.48,8.16,58.04,3.37,7.92
11.63,8.19,44.69,24.44,46.23,23.52,27.67,26.07,16.47,242.83,42.05,8.35,11.79,25.31,4.12,24.59,29.05,17.48,8.16,58.04,3.37,7.92
11.63,8.19,44.69,24.44,46.23,23.52,27.67,26.07,16.47,242.83,42.05,8.35,11.79,25.31,4.12,24.59,29.05,17.48,8.16,58.04,3.37,7.92
11.63,8.19,44.69,24.44,46.23,23.52,27.67,26.07,16.47,242.83,42.05,8.35,11.79,25.31,4.12,24.59,29.05,17.48,8.16,58.04,3.37,7.92
11.63,8.19,44.69,24.44,46.23,23.52,27.67,26.07,16.47,242.83,42.05,8.35,11.79,25.31,4.12,24.59,29.05,17.48,8.16,58.04,3.37,7.92
11.63,8.19,44.69,24.44,46.23,23.52,27.67,26.07,16.47,242.83,42.05,8.35,11.79,25.31,4.12,24.59,29.05,17.48,8.16,58.04,3.37,7.92
11.63,8.19,44.69,24.44,46.23,23.52,27.67,26.07,16.47,242.83,42.05,8.35,11.79,25.31,4.12,24.59,29.05,17.48,8.16,58.04,3.37,7.92
11.63,8.19,44.69,24.44,46.23,23.52,27.67,26.07,16.47,242.83,42.05,8.35,11.79,25.31,4.12,24.59,29.05,17.48,8.16,58.04,3.37,7.92
11.63,8.19,44.69,24.44,46.23,23.52,27.67,26.07,16.47,242.83,42.05,8.35,11.79,25.31,4.12,24.59,29.05,17.48,8.16,58.04,3.37,7.92
11.63,8.19,44.69,24.44,46.23,23.52,27.67,26.07,16.47,242.83,42.05,8.35,11.79,25.31,4.12,24.59,29.05,17.48,8.16,58.04,3.37,7.92
11.63,8.19,44.69,24.44,46.23,23.52,27.67,26.07,16.47,242.83,42.05,8.35,11.79,25.31,4.12,24.59,29.05,17.48,8.16,58.04,3.37,7.92
11.63,8.19,44.69,24.44,46.23,23.52,27.67,26.07,16.47,242.83,42.05,8.35,11.79,25.31,4.12,24.59,29.05,17.48,8.16,58.04,3.37,7.92
11.63,8.19,44.69,24.44,46.23,23.52,27.67,26.07,16.47,242.83,42.05,8.35,11.79,25.31,4.12,24.59,29.05,17.48,8.16,58.04,3.37,7.92
11.63,8.19,44.69,24.44,46.23,23.52,27.67,26.07,16.47,242.83,42.05,8.35,11.79,25.31,4.12,24.59,29.05,17.48,8.16,58.04,3.37,7.92
11.63,8.19,44.69,24.44,46.23,23.52,27.67,26.07,16.47,242.83,42.05,8.35,11.79,25.31,4.12,24.59,29.05,17.48,8.16,58.04,3.37,7.92
11.63,8.19,44.69,24.44,46.23,23.52,27.67,26.07,16.47,242.83,42.05,8.35,11.79,25.31,4.12,24.59,29.05,17.48,8.16,58.04,3.37,7.92
11.63,8.19,44.69,24.44,46.23,23.52,27.67,26.07,16.47,242.83,42.05,8.35,11.79,25.31,4.12,24.59,29.05,17.48,8.16,58.04,3.37,7.92
11.63,8.19,44.69,24.44,46.23,23.52,27.67,26.07,16.47,242.83,42.05,8.35,11.79,25.31,4.12,24.59,29.05,17.48,8.16,58.04,3.37,7.92
11.63,8.19,44.69,24.44,46.23,23.52,27.67,26.07,16.47,242.83,42.05,8.35,11.79,25.31,4.12,24.59,29.05,17.48,8.16,58.04,3.37,7.92
11.63,8.19,44.69,24.44,46.23,23.52,27.67,26.07,16.47,242.83,42.05,8.35,11.79,25.31,4.12,24.59,33.14,17.48,8.16,58.04,3.37,7.92
11.63,8.19,44.69,24.44,46.23,23.52,27.67,26.07,16.47,242.83,42.05,8.35,11.79,25.31,4.12,24.59,33.14,17.48,8.16,58.04,3.37,7.92
11.63,8.19,44.69,24.44,46.23,23.52,27.67,26.07,16.47,242.83,42.05,8.35,11.79,25.31,4.12,24.59,33.14,17.48,8.16,58.04,3.37,7.92
11.63,8.19,44.69,24.44,46.23,23.52,27.67,26.07,16.47,242.83,42.05,8.35,11.79,25.31,4.12,24.59,33.14,17.48,8.16,58.04,3.37,7.92
11.63,8.19,44.69,24.44,46.23,23.52,27.67,26.07,16.47,242.83,42.05,8.35,11.79,25.31,4.12,24.59,33.14,17.48,8.16,58.04,3.37,7.92
11.63,8.19,44.69,24.44,46.23,23.52,27.67,26.07,16.47,242.83,42.05,8.35,11.79,25.31,4.12,24.59,33.14,17.48,8.16,58.04,3.37,7.92
11.63,8.19,44.69,24.44,46.23,23.52,27.67,26.07,16.47,242.83,42.05,8.35,11.79,25.31,4.12,24.59,33.14,17.48,8.16,58.04,3.37,7.92
11.63,8.19,44.69,24.44,46.23,23.52,27.67,26.07,16.47,242.83,42.05,8.35,11.79,25.31,4.12,24.59,33.14,17.48,8.16,58.04,3.37,7.92
11.63,8.19,44.69,24.44,46.23,23.52,27.67,26.07,16.47,242.83,42.05,8.35,11.79,25.31,4.12,24.59,33.14,17.48,8.16,58.04,3.37,7.92
11.63,8.19,44.69,24.44,46.23,23.52,27.67,26.07,16.47,242.83,42.05,8.35,11.79,25.31,4.12,24.59,33.14,17.48,8.16,58.04,3.37,7.92
11.63,8.19,44.69,24.44,46.23,23.52,27.67,26.07,16.47,242.83,42.05,8.35,11.79,25.31,4.12,24.59,33.14,17.48,8.16,58.04,3.37,7.92
11.63,8.19,44.69,24.44,46.23,23.52,27.67,26.07,16.47,242.83,42.05,8.35,11.79,25.31,4.12,24.59,33.14,17.48,8.16,58.04,3.37,7.92
11.63,8.19,44.69,24.44,46.23,23.52,27.67,26.07,16.47,242.83,42.05,8.35,11.79,25.31,4.12,24.59,33.14,17.48,8.16,58.04,3.37,7.92
11.63,8.19,44.69,24.44,46.23,23.52,27.67,26.07,16.47,242.83,42.05,8.35,11.79,25.31,4.12,24.59,33.14,17.48,8.16,58.04,3.37,7.92
11.63,8.19,44.69,24.44,46.23,23.52,27.67,26.07,16.47,242.83,42.05,8.35,11.79,25.31,4.12,24.59,33.14,17.48,8.16,58.04,3.37,7.92
11.63,8.19,44.69,24.44,46.23,23.52,27.67,26.07,16.47,242.83,42.05,8.35,11.79,25.31,4.12,24.59,33.14,17.48,8.16,58.04,3.37,7.92
11.63,8.19,44.69,24.44,46.23,23.52,27.67,26.07,16.47,242.83,42.05,8.35,11.79,25.31,4.12,24.59,33.14,17.48,8.16,58.04,3.37,7.92
11.63,8.19,44.69,24.44,46.23,23.52,27.67,26.07,16.47,242.83,42.05,8.35,11.79,25.31,4.12,24.59,33.14,17.48,8.16,58.04,3.37,7.92
11.63,8.19,44.69,24.44,46.23,23.52,27.67,26.07,16.47,242.83,42.05,8.35,11.79,25.31,4.12,24.59,33.14,17.48,8.16,58.04,3.37,7.92
11.63,8.19,44.69,24.44,46.23,23.52,27.67,26.07,16.47,242.83,42.05,8.35,11.79,25.31,4.12,24.59,33.14,17.48,8.16,58.04,3.37,7.92
11.63,8.19,44.69,24.44,46.23,23.52,27.67,26.07,16.47,242.83,42.05,8.35,11.79,25.31,4.12,24.59,33.14,17.48,8.16,58.04,3.37,7.92
11.63,8.19,44.69,24.44,46.23,23.52,27.67,26.07,16.47,242.83,42.05,8.35,11.79,25.31,4.12,24.59,33.14,17.48,8.16,58.04,3.37,7.92
11.63,8.19,44.69,24.44,46.23,23.52,27.67,26.07,16.47,242.83,42.05,8.35,11.79,25.31,4.12,24.59,33.14,17.48,8.16,58.04,3.37,7.92
11.63,8.19,44.69,24.44,46.23,23.52,27.67,26.07,16.47,242.83,42.05,8.35,11.79,25.31,3.54,24.59,33.14,17.48,8.16,58.04,3.37,7.92
11.63,8.19,44.69,24.44,46.23,23.52,27.67,26.07,16.47,242.83,42.05,8.35,11.79,25.31,3.54,24.59,33.14,17.48,8.16,58.04,3.37,7.92
11.63,8.19,44.69,24.44,46.23,23.52,27.67,26.07,16.47,242.83,42.05,8.35,11.79,25.31,3.54,24.59,33.14,17.48,8.16,58.04,3.37,7.92
11.63,8.19,44.69,24.44,46.23,23.52,27.67,26.07,16.47,242.83,42.05,8.35,11.79,25.31,3.54,24.59,33.14,17.48,8.16,58.04,3.37,7.92
11.63,8.19,44.69,24.44,46.23,23.52,27.67,26.07,16.47,242.83,42.05,8.35,11.79,25.31,3.54,24.59,33.14,17.48,8.16,58.04,3.37,7.92
11.63,8.19,44.69,24.44,46.23,23.52,27.67,26.07,16.47,242.83,42.05,8.35,11.79,25.31,3.54,24.59,33.14,17.48,8.16,58.04,3.37,7.92
11.63,8.19,44.69,24.44,46.23,23.52,27.67,26.07,16.47,242.83,42.05,8.35,11.79,25.31,3.54,24.59,33.14,17.48,8.16,58.04,3.37,7.92
11.63,8.19,44.69,24.44,46.23,23.52,27.67,26.07,16.47,242.83,42.05,8.35,11.79,25.31,3.54,24.59,33.14,17.48,8.16,58.04,3.37,7.92
11.7,8.19,44.69,24.44,46.23,23.52,27.67,26.07,16.47,242.83,47.04,8.35,11.79,25.31,3.54,24.59,33.14,17.48,8.16,58.04,3.37,7.92
11.7,8.19,44.69,25.33,46.23,25.36,27.67,26.07,15.88,211.2,47.04,8.35,11.79,26.64,3.54,24.59,33.14,17.48,8.16,58.04,3.37,7.92
11.7,8.19,44.69,25.33,46.23,25.36,27.67,26.07,15.88,211.2,47.04,8.35,11.79,26.64,3.54,24.59,33.14,17.48,8.16,58.04,3.37,7.92
11.7,8.19,44.69,25.33,46.23,25.36,27.67,26.07,15.88,211.2,47.04,8.35,11.79,26.64,3.54,24.59,33.14,15.01,8.16,58.04,3.37,7.92
11.7,8.19,44.69,25.33,46.23,25.36,27.67,26.07,15.88,211.2,47.04,8.35,11.79,26.64,3.54,24.59,33.14,15.01,8.16,58.04,3.37,7.92
11.7,8.19,39.77,25.33,46.23,25.36,27.67,26.07,15.88,211.2,47.04,8.35,11.79,26.64,3.54,24.59,33.14,15.01,8.16,58.04,3.37,7.92
11.7,8.19,39.77,25.33,46.23,25.36,27.67,26.07,15.88,211.2,47.04,8.35,11.79,26.64,3.54,24.59,33.14,15.01,8.16,58.04,3.37,7.92
11.7,8.19,39.77,25.33,46.23,25.36,27.67,26.07,15.88,211.2,47.04,8.35,11.79,26.64,3.54,24.59,33.14,15.01,8.16,58.04,3.37,10.1
11.7,8.19,39.77,25.33,46.23,25.36,27.67,26.07,15.88,211.2,47.04,8.35,11.79,26.64,3.54,24.59,33.14,15.01,8.16,58.04,3.37,10.1
11.7,8.19,39.77,25.33,46.23,25.36,27.67,26.07,15.88,211.2,47.04,8.35,11.79,26.64,3.54,24.59,33.14,15.01,8.16,58.04,3.37,10.1
11.7,8.19,39.77,25.33,46.23,25.36,27.67,26.07,15.88,211.2,47.04,8.35,11.79,26.64,3.54,24.59,33.14,15.01,8.16,58.04,3.37,10.1
11.7,8.19,39.77,25.33,46.23,25.36,27.67,26.07,15.88,211.2,47.04,8.35,11.79,26.64,3.54,24.59,33.14,15.01,8.16,58.04,3.37,10.1
11.7,8.19,39.77,25.33,46.23,25.36,27.67,26.07,15.88,211.2,47.04,8.35,11.79,26.64,3.54,24.59,33.14,15.01,8.16,58.04,3.37,10.1
11.7,8.19,39.77,25.33,46.23,25.36,27.67,26.07,15.88,211.2,47.04,8.35,11.79,26.64,3.54,24.59,33.14,15.01,8.16,58.04,3.37,10.1
11.7,8.19,39.77,25.33,46.23,25.36,27.67,26.07,15.88,211.2,47.04,8.35,11.79,26.64,3.54,24.59,33.14,15.01,8.16,58.04,3.37,10.1
11.7,8.19,39.77,25.33,46.23,25.36,27.67,26.07,15.88,211.2,47.04,8.35,11.79,26.64,3.54,24.59,33.14,15.01,8.16,58.04,3.37,10.1
11.7,8.19,39.77,25.33,46.23,25.36,27.67,26.07,15.88,211.2,47.04,8.35,11.79,26.64,3.54,24.59,33.14,15.01,8.16,58.04,3.37,10.1
11.7,8.19,39.77,25.33,46.23,25.36,27.67,26.07,15.88,211.2,47.04,8.35,11.79,26.64,3.54,24.59,33.14,15.01,8.16,58.04,3.37,10.1
11.7,8.19,39.77,25.33,46.23,25.36,27.67,26.07,15.88,211.2,47.04,8.35,11.79,26.64,3.54,24.59,33.14,15.01,8.16,58.04,3.37,10.1
11.7,8.19,39.77,25.33,46.23,25.36,27.67,26.07,15.88,211.2,47.04,8.35,11.79,26.64,3.54,24.59,33.14,15.01,8.16,58.04,3.37,10.1
11.7,8.19,39.77,25.33,46.23,25.36,27.67,26.07,15.88,211.2,47.04,8.35,11.79,26.64,3.54,24.59,33.14,15.01,8.16,58.04,3.37,10.1
11.7,8.19,39.77,25.33,46.23,25.36,27.67,26.07,15.88,211.2,47.04,8.35,11.79,26.64,3.54,24.59,33.14,15.01,8.16,58.04,3.37,10.1
11.7,8.19,39.77,25.33,46.23,25.36,27.67,26.07,15.88,211.2,47.04,8.35,11.79,26.64,3.54,24.59,33.14,15.01,8.16,58.04,3.37,10.1
11.7,8.19,39.77,25.33,46.23,25.36,27.67,26.07,15.88,211.2,47.04,8.35,11.79,26.64,3.54,24.59,33.14,15.01,8.16,58.04,3.37,10.1
11.7,8.19,39.77,25.33,46.23,25.36,27.67,26.07,15.88,211.2,47.04,8.35,11.79,26.64,3.54,24.59,33.14,15.01,8.16,58.04,3.37,10.1
11.7,8.19,39.77,25.33,46.23,25.36,27.67,26.07,15.88,211.2,47.04,8.35,11.79,26.64,3.54,24.59,33.14,15.01,8.16,58.04,3.37,10.1
11.7,8.19,39.77,25.33,46.23,25.36,27.67,26.07,15.88,211.2,47.04,8.35,11.79,26.64,3.54,24.59,33.14,15.01,8.16,58.04,3.37,10.1
11.7,8.19,39.77,25.33,46.23,25.36,27.67,26.07,15.88,211.2,47.04,8.35,11.79,26.64,3.54,24.59,33.14,15.01,8.16,58.04,3.37,10.1
11.7,8.19,39.77,25.33,46.23,25.36,27.67,26.07,15.88,211.2,47.04,8.35,11.79,26.64,3.54,24.59,33.14,15.01,8.16,58.04,3.37,10.1
11.7,8.19,39.77,25.33,46.23,25.36,27.67,26.07,15.88,211.2,47.04,8.35,11.79,26.64,3.54,24.59,33.14,15.01,8.16,58.04,3.37,10.1
11.7,8.19,39.77,25.33,46.23,25.36,27.67,26.07,15.88,211.2,47.04,8.35,11.79,26.64,3.54,24.59,33.14,15.01,8.16,58.04,3.37,10.1
11.7,8.19,39.77,25.33,46.23,25.36,27.67,26.07,15.88,211.2,47.04,8.35,11.79,26.64,3.54,24.59,33.14,15.01,8.16,58.04,3.37,10.1
11.7,8.19,39.77,25.33,46.23,25.36,27.67,26.07,15.88,211.2,47.04,8.35,11.79,26.64,3.54,24.59,33.14,15.01,8.16,58.04,3.37,10.1
11.7,8.19,39.77,25.33,46.23,25.36,27.67,26.07,15.88,211.2,47.04,8.35,11.79,26.64,3.54,24.59,34.38,15.01,8.16,58.04,3.37,10.1
11.7,8.19,39.77,25.33,46.23,25.36,27.67,26.07,15.88,211.2,47.04,8.35,11.79,26.64,3.54,24.59,34.38,15.01,8.16,58.04,3.37,10.1
11.7,8.19,39.77,25.33,46.23,25.36,27.67,26.07,15.88,211.2,47.04,8.35,11.79,26.64,3.54,24.59,34.38,15.01,8.16,58.04,3.37,10.1
11.7,8.19,39.77,25.33,46.23,25.36,27.67,26.07,15.88,211.2,47.04,8.35,11.79,26.64,3.54,24.59,34.38,15.01,8.16,58.04,3.37,10.1
11.7,8.19,39.77,25.33,46.23,25.36,27.67,26.07,15.88,211.2,47.04,8.35,11.79,26.64,3.54,24.59,34.38,15.01,8.16,58.04,3.37,10.1
11.7,8.19,39.77,25.33,46.23,25.36,27.67,26.07,15.88,211.2,47.04,8.35,11.79,26.64,3.54,24.59,34.38,15.01,8.16,58.04,3.37,10.1
11.7,8.19,39.77,25.33,46.23,25.36,27.67,26.07,15.88,211.2,47.04,8.35,11.79,26.64,3.54,24.59,34.38,15.01,8.16,58.04,3.37,10.1
11.7,8.19,39.77,25.33,46.23,25.36,27.67,26.07,15.88,211.2,47.04,8.35,11.79,26.64,3.54,24.59,34.38,15.01,8.16,58.04,3.37,10.1
11.7,8.19,39.77,25.33,46.23,25.36,27.67,26.07,15.88,211.2,47.04,8.35,11.79,26.64,3.54,24.59,34.38,15.01,8.16,58.04,3.37,10.1
11.7,8.19,39.77,25.33,46.23,25.36,27.67,26.07,15.88,211.2,47.04,8.35,11.79,26.64,3.54,24.59,34.38,15.01,8.16,58.04,3.37,10.1
11.7,8.19,39.77,25.33,46.23,25.36,27.67,26.07,15.88,211.2,47.04,8.35,11.79,26.64,3.54,24.59,34.38,15.01,8.16,58.04,3.37,10.1
11.7,8.19,39.77,25.33,46.23,25.36,27.67,26.07,15.88,211.2,47.04,8.35,11.79,26.64,3.54,24.59,34.38,15.01,8.16,58.04,3.37,10.1
11.7,8.19,39.77,25.33,46.23,25.36,27.67,26.07,15.88,211.2,47.04,8.35,11.79,26.64,3.54,24.59,34.38,15.01,8.16,58.04,3.37,10.1
11.7,8.19,39.77,25.33,46.23,25.36,27.67,26.07,15.88,211.2,47.04,8.35,11.79,26.64,3.54,24.59,34.38,15.01,8.16,58.04,3.37,10.1
11.7,8.19,39.77,25.33,46.23,25.36,27.67,26.07,15.88,211.2,47.04,8.35,11.79,26.64,3.54,24.59,34.38,15.01,8.16,58.04,3.37,10.1
11.7,8.19,39.77,25.33,46.23,25.36,27.67,26.07,15.88,211.2,47.04,8.35,11.79,26.64,3.54,24.59,34.38,15.01,8.16,58.04,3.37,10.1
11.7,8.19,39.77,25.33,46.23,25.36,27.67,26.07,15.88,211.2,47.04,8.35,11.79,26.64,3.54,24.59,34.38,15.01,8.16,58.04,3.37,10.1
11.7,8.19,39.77,25.33,46.23,25.36,27.67,26.07,15.88,211.2,47.04,8.35,11.79,26.64,3.54,24.59,34.38,15.01,8.16,58.04,3.37,10.1
11.7,8.19,39.77,25.33,46.23,25.36,27.67,26.07,15.88,211.2,47.04,8.35,11.79,26.64,3.54,24.59,34.38,15.01,8.16,58.04,3.37,10.1
11.7,8.19,39.77,25.33,46.23,25.36,27.67,26.07,15.88,211.2,47.04,8.35,11.79,26.64,3.54,24.59,34.38,15.01,8.16,58.04,3.37,10.1
11.7,8.19,39.77,25.33,46.23,25.36,27.67,26.07,15.88,211.2,47.04,8.35,11.79,26.64,3.54,24.59,34.38,15.01,8.16,58.04,3.37,10.1
11.7,8.19,39.77,25.33,46.23,25.36,27.67,26.07,15.88,211.2,47.04,8.35,11.79,26.64,3.54,24.59,34.38,15.01,8.16,58.04,3.37,10.1
11.7,8.19,39.77,25.33,46.23,25.36,27.67,26.07,15.88,211.2,47.04,8.35,11.79,26.64,3.54,24.59,34.38,15.01,8.16,58.04,3.37,10.1
11.7,8.19,39.77,25.33,46.23,25.36,27.67,26.07,15.88,211.2,47.04,8.35,11.79,26.64,3.54,24.59,34.38,15.01,8.16,58.04,3.37,10.1
11.7,8.19,39.77,25.33,46.23,25.36,27.67,26.07,15.88,211.2,47.04,8.35,11.79,26.64,3.54,24.59,34.38,15.01,8.16,58.04,3.37,10.1
11.7,8.19,39.77,25.33,46.23,25.36,27.67,26.07,15.88,211.2,47.04,8.35,11.79,26.64,2.8,24.59,34.38,15.01,8.16,58.04,3.37,10.1
11.7,,39.77,25.33,46.23,25.36,27.67,26.07,15.88,211.2,47.04,,11.79,26.64,2.8,24.59,34.38,15.01,8.16,58.04,3.37,10.1
