﻿,0
泡泡椒(精品),4
青尖椒,3
红椒(1),0
七彩椒(1),3
红灯笼椒(1),3
青线椒,3
红杭椒,3
小米椒,3
灯笼椒(1),3
螺丝椒,0
红尖椒,3
青杭椒(2),3
芜湖青椒(1),2
组合椒系列,3
青杭椒(1),3
红线椒,3
小皱皮,3
余干椒,3
辣妹子,3
紫尖椒,3
小米椒(份),1
青尖椒(份),3
红灯笼椒(份),3
灯笼椒(份),3
七彩椒(份),3
小皱皮(份),1
水果辣椒,3
水果辣椒(橙色),3
青线椒(份),3
青杭椒(份),3
红杭椒(份),3
红尖椒(份),3
水果辣椒(份),3
螺丝椒(份),1
灯笼椒(2),3
红灯笼椒(2),3
七彩椒(2),3
姜蒜小米椒组合装(小份),3
紫螺丝椒,3
红椒(份),3
青红杭椒组合装(份),3
红椒(2),3
青红尖椒组合装(份),3
