﻿,0
泡泡椒(精品),3
青尖椒,1
红椒(1),0
七彩椒(1),1
红灯笼椒(1),1
青线椒,1
红杭椒,1
小米椒,1
灯笼椒(1),1
螺丝椒,5
红尖椒,1
青杭椒(2),1
芜湖青椒(1),2
组合椒系列,1
青杭椒(1),1
红线椒,1
小皱皮,1
余干椒,1
辣妹子,1
紫尖椒,1
小米椒(份),6
青尖椒(份),1
红灯笼椒(份),1
灯笼椒(份),1
七彩椒(份),1
小皱皮(份),7
水果辣椒,1
水果辣椒(橙色),1
青线椒(份),1
青杭椒(份),1
红杭椒(份),1
红尖椒(份),1
水果辣椒(份),1
螺丝椒(份),4
灯笼椒(2),1
红灯笼椒(2),1
七彩椒(2),1
姜蒜小米椒组合装(小份),1
紫螺丝椒,1
红椒(份),1
青红杭椒组合装(份),1
红椒(2),1
青红尖椒组合装(份),1
