﻿,0
泡泡椒(精品),2
青尖椒,19
红椒(1),7
七彩椒(1),23
红灯笼椒(1),23
青线椒,13
红杭椒,10
小米椒,17
灯笼椒(1),23
螺丝椒,6
红尖椒,22
青杭椒(2),1
芜湖青椒(1),3
组合椒系列,18
青杭椒(1),1
红线椒,1
小皱皮,24
余干椒,1
辣妹子,1
紫尖椒,1
小米椒(份),4
青尖椒(份),14
红灯笼椒(份),1
灯笼椒(份),1
七彩椒(份),1
小皱皮(份),0
水果辣椒,1
水果辣椒(橙色),1
青线椒(份),9
青杭椒(份),16
红杭椒(份),15
红尖椒(份),12
水果辣椒(份),20
螺丝椒(份),5
灯笼椒(2),1
红灯笼椒(2),1
七彩椒(2),25
姜蒜小米椒组合装(小份),11
紫螺丝椒,1
红椒(份),1
青红杭椒组合装(份),8
红椒(2),21
青红尖椒组合装(份),1
