﻿,0
泡泡椒(精品),2
青尖椒,17
红椒(1),6
七彩椒(1),20
红灯笼椒(1),20
青线椒,16
红杭椒,21
小米椒,9
灯笼椒(1),20
螺丝椒,5
红尖椒,24
青杭椒(2),0
芜湖青椒(1),1
组合椒系列,15
青杭椒(1),0
红线椒,0
小皱皮,26
余干椒,0
辣妹子,0
紫尖椒,0
小米椒(份),3
青尖椒(份),13
红灯笼椒(份),0
灯笼椒(份),0
七彩椒(份),0
小皱皮(份),7
水果辣椒,0
水果辣椒(橙色),0
青线椒(份),8
青杭椒(份),18
红杭椒(份),14
红尖椒(份),12
水果辣椒(份),22
螺丝椒(份),4
灯笼椒(2),0
红灯笼椒(2),27
七彩椒(2),25
姜蒜小米椒组合装(小份),10
紫螺丝椒,0
红椒(份),23
青红杭椒组合装(份),11
红椒(2),19
青红尖椒组合装(份),0
