﻿,0
泡泡椒(精品),2
青尖椒,19
红椒(1),8
七彩椒(1),22
红灯笼椒(1),22
青线椒,13
红杭椒,0
小米椒,18
灯笼椒(1),22
螺丝椒,4
红尖椒,23
青杭椒(2),9
芜湖青椒(1),1
组合椒系列,17
青杭椒(1),9
红线椒,9
小皱皮,9
余干椒,9
辣妹子,9
紫尖椒,9
小米椒(份),5
青尖椒(份),16
红灯笼椒(份),9
灯笼椒(份),9
七彩椒(份),9
小皱皮(份),6
水果辣椒,9
水果辣椒(橙色),9
青线椒(份),7
青杭椒(份),14
红杭椒(份),15
红尖椒(份),12
水果辣椒(份),21
螺丝椒(份),3
灯笼椒(2),9
红灯笼椒(2),9
七彩椒(2),9
姜蒜小米椒组合装(小份),10
紫螺丝椒,9
红椒(份),9
青红杭椒组合装(份),11
红椒(2),20
青红尖椒组合装(份),9
