﻿,0
泡泡椒(精品),2
青尖椒,21
红椒(1),7
七彩椒(1),22
红灯笼椒(1),29
青线椒,10
红杭椒,13
小米椒,20
灯笼椒(1),28
螺丝椒,4
红尖椒,23
青杭椒(2),31
芜湖青椒(1),1
组合椒系列,15
青杭椒(1),35
红线椒,36
小皱皮,25
余干椒,33
辣妹子,30
紫尖椒,35
小米椒(份),6
青尖椒(份),16
红灯笼椒(份),0
灯笼椒(份),0
七彩椒(份),0
小皱皮(份),5
水果辣椒,35
水果辣椒(橙色),35
青线椒(份),8
青杭椒(份),17
红杭椒(份),12
红尖椒(份),14
水果辣椒(份),19
螺丝椒(份),3
灯笼椒(2),34
红灯笼椒(2),26
七彩椒(2),24
姜蒜小米椒组合装(小份),9
紫螺丝椒,35
红椒(份),27
青红杭椒组合装(份),11
红椒(2),18
青红尖椒组合装(份),32
