﻿,0
泡泡椒(精品),3
青尖椒,11
红椒(1),7
七彩椒(1),13
红灯笼椒(1),13
青线椒,12
红杭椒,11
小米椒,12
灯笼椒(1),13
螺丝椒,6
红尖椒,13
青杭椒(2),13
芜湖青椒(1),2
组合椒系列,11
青杭椒(1),13
红线椒,13
小皱皮,13
余干椒,13
辣妹子,13
紫尖椒,13
小米椒(份),4
青尖椒(份),10
红灯笼椒(份),13
灯笼椒(份),13
七彩椒(份),13
小皱皮(份),0
水果辣椒,13
水果辣椒(橙色),13
青线椒(份),9
青杭椒(份),1
红杭椒(份),1
红尖椒(份),1
水果辣椒(份),13
螺丝椒(份),5
灯笼椒(2),13
红灯笼椒(2),13
七彩椒(2),13
姜蒜小米椒组合装(小份),8
紫螺丝椒,13
红椒(份),13
青红杭椒组合装(份),14
红椒(2),1
青红尖椒组合装(份),13
