﻿,0
泡泡椒(精品),2
青尖椒,21
红椒(1),7
七彩椒(1),25
红灯笼椒(1),29
青线椒,17
红杭椒,19
小米椒,10
灯笼椒(1),29
螺丝椒,5
红尖椒,23
青杭椒(2),15
芜湖青椒(1),1
组合椒系列,13
青杭椒(1),15
红线椒,15
小皱皮,26
余干椒,15
辣妹子,0
紫尖椒,15
小米椒(份),4
青尖椒(份),14
红灯笼椒(份),15
灯笼椒(份),15
七彩椒(份),15
小皱皮(份),6
水果辣椒,15
水果辣椒(橙色),15
青线椒(份),8
青杭椒(份),16
红杭椒(份),18
红尖椒(份),11
水果辣椒(份),22
螺丝椒(份),3
灯笼椒(2),15
红灯笼椒(2),28
七彩椒(2),24
姜蒜小米椒组合装(小份),9
紫螺丝椒,15
红椒(份),27
青红杭椒组合装(份),12
红椒(2),20
青红尖椒组合装(份),15
