﻿,0
泡泡椒(精品),2
青尖椒,15
红椒(1),7
七彩椒(1),0
红灯笼椒(1),0
青线椒,10
红杭椒,21
小米椒,16
灯笼椒(1),0
螺丝椒,5
红尖椒,0
青杭椒(2),0
芜湖青椒(1),1
组合椒系列,18
青杭椒(1),0
红线椒,0
小皱皮,0
余干椒,0
辣妹子,0
紫尖椒,0
小米椒(份),4
青尖椒(份),12
红灯笼椒(份),0
灯笼椒(份),0
七彩椒(份),0
小皱皮(份),6
水果辣椒,0
水果辣椒(橙色),0
青线椒(份),8
青杭椒(份),17
红杭椒(份),14
红尖椒(份),13
水果辣椒(份),20
螺丝椒(份),3
灯笼椒(2),0
红灯笼椒(2),0
七彩椒(2),0
姜蒜小米椒组合装(小份),9
紫螺丝椒,0
红椒(份),0
青红杭椒组合装(份),11
红椒(2),19
青红尖椒组合装(份),0
