﻿,0
泡泡椒(精品),3
青尖椒,23
红椒(1),7
七彩椒(1),25
红灯笼椒(1),25
青线椒,13
红杭椒,10
小米椒,19
灯笼椒(1),25
螺丝椒,4
红尖椒,22
青杭椒(2),1
芜湖青椒(1),2
组合椒系列,20
青杭椒(1),15
红线椒,15
小皱皮,28
余干椒,15
辣妹子,15
紫尖椒,15
小米椒(份),5
青尖椒(份),12
红灯笼椒(份),15
灯笼椒(份),15
七彩椒(份),15
小皱皮(份),6
水果辣椒,15
水果辣椒(橙色),15
青线椒(份),8
青杭椒(份),21
红杭椒(份),17
红尖椒(份),14
水果辣椒(份),24
螺丝椒(份),0
灯笼椒(2),15
红灯笼椒(2),16
七彩椒(2),27
姜蒜小米椒组合装(小份),11
紫螺丝椒,15
红椒(份),26
青红杭椒组合装(份),9
红椒(2),18
青红尖椒组合装(份),15
