﻿,0
泡泡椒(精品),3
青尖椒,14
红椒(1),5
七彩椒(1),0
红灯笼椒(1),0
青线椒,8
红杭椒,14
小米椒,17
灯笼椒(1),0
螺丝椒,6
红尖椒,0
青杭椒(2),0
芜湖青椒(1),2
组合椒系列,16
青杭椒(1),0
红线椒,0
小皱皮,0
余干椒,0
辣妹子,0
紫尖椒,0
小米椒(份),1
青尖椒(份),12
红灯笼椒(份),0
灯笼椒(份),0
七彩椒(份),0
小皱皮(份),7
水果辣椒,0
水果辣椒(橙色),0
青线椒(份),10
青杭椒(份),19
红杭椒(份),15
红尖椒(份),11
水果辣椒(份),0
螺丝椒(份),4
灯笼椒(2),0
红灯笼椒(2),0
七彩椒(2),0
姜蒜小米椒组合装(小份),13
紫螺丝椒,0
红椒(份),0
青红杭椒组合装(份),9
红椒(2),18
青红尖椒组合装(份),0
