﻿,0
泡泡椒(精品),3
青尖椒,0
红椒(1),8
七彩椒(1),28
红灯笼椒(1),30
青线椒,16
红杭椒,22
小米椒,13
灯笼椒(1),20
螺丝椒,6
红尖椒,25
青杭椒(2),32
芜湖青椒(1),1
组合椒系列,15
青杭椒(1),21
红线椒,36
小皱皮,26
余干椒,33
辣妹子,31
紫尖椒,21
小米椒(份),4
青尖椒(份),14
红灯笼椒(份),35
灯笼椒(份),35
七彩椒(份),38
小皱皮(份),7
水果辣椒,37
水果辣椒(橙色),21
青线椒(份),9
青杭椒(份),19
红杭椒(份),17
红尖椒(份),12
水果辣椒(份),23
螺丝椒(份),2
灯笼椒(2),34
红灯笼椒(2),29
七彩椒(2),27
姜蒜小米椒组合装(小份),10
紫螺丝椒,21
红椒(份),24
青红杭椒组合装(份),11
红椒(2),18
青红尖椒组合装(份),5
