﻿,0
泡泡椒(精品),3
青尖椒,0
红椒(1),8
七彩椒(1),24
红灯笼椒(1),30
青线椒,12
红杭椒,21
小米椒,17
灯笼椒(1),29
螺丝椒,5
红尖椒,23
青杭椒(2),31
芜湖青椒(1),1
组合椒系列,15
青杭椒(1),11
红线椒,11
小皱皮,25
余干椒,11
辣妹子,28
紫尖椒,11
小米椒(份),2
青尖椒(份),13
红灯笼椒(份),11
灯笼椒(份),11
七彩椒(份),11
小皱皮(份),6
水果辣椒,11
水果辣椒(橙色),11
青线椒(份),9
青杭椒(份),20
红杭椒(份),18
红尖椒(份),16
水果辣椒(份),22
螺丝椒(份),4
灯笼椒(2),11
红灯笼椒(2),7
七彩椒(2),27
姜蒜小米椒组合装(小份),10
紫螺丝椒,11
红椒(份),26
青红杭椒组合装(份),14
红椒(2),19
青红尖椒组合装(份),11
