﻿,0
泡泡椒(精品),2
青尖椒,1
红椒(1),6
七彩椒(1),10
红灯笼椒(1),10
青线椒,13
红杭椒,1
小米椒,11
灯笼椒(1),10
螺丝椒,5
红尖椒,10
青杭椒(2),10
芜湖青椒(1),0
组合椒系列,1
青杭椒(1),10
红线椒,10
小皱皮,10
余干椒,10
辣妹子,10
紫尖椒,10
小米椒(份),4
青尖椒(份),12
红灯笼椒(份),10
灯笼椒(份),10
七彩椒(份),10
小皱皮(份),7
水果辣椒,10
水果辣椒(橙色),10
青线椒(份),8
青杭椒(份),10
红杭椒(份),12
红尖椒(份),12
水果辣椒(份),10
螺丝椒(份),3
灯笼椒(2),10
红灯笼椒(2),10
七彩椒(2),10
姜蒜小米椒组合装(小份),15
紫螺丝椒,10
红椒(份),10
青红杭椒组合装(份),9
红椒(2),14
青红尖椒组合装(份),10
