﻿,0
泡泡椒(精品),3
青尖椒,4
红椒(1),6
七彩椒(1),4
红灯笼椒(1),4
青线椒,4
红杭椒,4
小米椒,4
灯笼椒(1),4
螺丝椒,7
红尖椒,4
青杭椒(2),4
芜湖青椒(1),1
组合椒系列,4
青杭椒(1),4
红线椒,4
小皱皮,4
余干椒,4
辣妹子,4
紫尖椒,4
小米椒(份),5
青尖椒(份),4
红灯笼椒(份),4
灯笼椒(份),4
七彩椒(份),4
小皱皮(份),8
水果辣椒,4
水果辣椒(橙色),4
青线椒(份),0
青杭椒(份),4
红杭椒(份),4
红尖椒(份),4
水果辣椒(份),4
螺丝椒(份),2
灯笼椒(2),4
红灯笼椒(2),4
七彩椒(2),4
姜蒜小米椒组合装(小份),0
紫螺丝椒,4
红椒(份),4
青红杭椒组合装(份),0
红椒(2),4
青红尖椒组合装(份),4
