﻿,0
泡泡椒(精品),2
青尖椒,10
红椒(1),6
七彩椒(1),8
红灯笼椒(1),8
青线椒,10
红杭椒,8
小米椒,10
灯笼椒(1),8
螺丝椒,5
红尖椒,8
青杭椒(2),8
芜湖青椒(1),1
组合椒系列,8
青杭椒(1),8
红线椒,8
小皱皮,8
余干椒,8
辣妹子,8
紫尖椒,8
小米椒(份),4
青尖椒(份),0
红灯笼椒(份),8
灯笼椒(份),8
七彩椒(份),8
小皱皮(份),7
水果辣椒,8
水果辣椒(橙色),8
青线椒(份),9
青杭椒(份),8
红杭椒(份),0
红尖椒(份),0
水果辣椒(份),8
螺丝椒(份),3
灯笼椒(2),8
红灯笼椒(2),8
七彩椒(2),8
姜蒜小米椒组合装(小份),0
紫螺丝椒,8
红椒(份),8
青红杭椒组合装(份),0
红椒(2),0
青红尖椒组合装(份),8
