﻿,0
泡泡椒(精品),3
青尖椒,18
红椒(1),9
七彩椒(1),23
红灯笼椒(1),30
青线椒,15
红杭椒,20
小米椒,0
灯笼椒(1),28
螺丝椒,7
红尖椒,22
青杭椒(2),4
芜湖青椒(1),2
组合椒系列,16
青杭椒(1),4
红线椒,4
小皱皮,25
余干椒,4
辣妹子,29
紫尖椒,4
小米椒(份),6
青尖椒(份),14
红灯笼椒(份),4
灯笼椒(份),4
七彩椒(份),4
小皱皮(份),5
水果辣椒,4
水果辣椒(橙色),4
青线椒(份),8
青杭椒(份),17
红杭椒(份),12
红尖椒(份),13
水果辣椒(份),21
螺丝椒(份),1
灯笼椒(2),4
红灯笼椒(2),27
七彩椒(2),24
姜蒜小米椒组合装(小份),10
紫螺丝椒,4
红椒(份),26
青红杭椒组合装(份),11
红椒(2),19
青红尖椒组合装(份),4
