﻿,0
泡泡椒(精品),3
青尖椒,18
红椒(1),0
七彩椒(1),31
红灯笼椒(1),22
青线椒,19
红杭椒,23
小米椒,11
灯笼椒(1),29
螺丝椒,6
红尖椒,26
青杭椒(2),32
芜湖青椒(1),2
组合椒系列,15
青杭椒(1),25
红线椒,25
小皱皮,27
余干椒,12
辣妹子,30
紫尖椒,25
小米椒(份),4
青尖椒(份),14
红灯笼椒(份),25
灯笼椒(份),25
七彩椒(份),25
小皱皮(份),7
水果辣椒,25
水果辣椒(橙色),25
青线椒(份),9
青杭椒(份),20
红杭椒(份),13
红尖椒(份),16
水果辣椒(份),21
螺丝椒(份),5
灯笼椒(2),34
红灯笼椒(2),28
七彩椒(2),24
姜蒜小米椒组合装(小份),8
紫螺丝椒,25
红椒(份),1
青红杭椒组合装(份),10
红椒(2),17
青红尖椒组合装(份),33
