﻿,0
泡泡椒(精品),3
青尖椒,9
红椒(1),6
七彩椒(1),11
红灯笼椒(1),11
青线椒,9
红杭椒,9
小米椒,9
灯笼椒(1),11
螺丝椒,5
红尖椒,11
青杭椒(2),11
芜湖青椒(1),2
组合椒系列,9
青杭椒(1),11
红线椒,11
小皱皮,11
余干椒,11
辣妹子,11
紫尖椒,11
小米椒(份),0
青尖椒(份),1
红灯笼椒(份),11
灯笼椒(份),11
七彩椒(份),11
小皱皮(份),7
水果辣椒,11
水果辣椒(橙色),11
青线椒(份),10
青杭椒(份),1
红杭椒(份),1
红尖椒(份),1
水果辣椒(份),11
螺丝椒(份),4
灯笼椒(2),11
红灯笼椒(2),11
七彩椒(2),11
姜蒜小米椒组合装(小份),8
紫螺丝椒,11
红椒(份),11
青红杭椒组合装(份),8
红椒(2),1
青红尖椒组合装(份),11
