﻿,0
泡泡椒(精品),2
青尖椒,15
红椒(1),7
七彩椒(1),0
红灯笼椒(1),0
青线椒,10
红杭椒,15
小米椒,17
灯笼椒(1),0
螺丝椒,5
红尖椒,14
青杭椒(2),14
芜湖青椒(1),1
组合椒系列,19
青杭椒(1),14
红线椒,14
小皱皮,14
余干椒,14
辣妹子,14
紫尖椒,14
小米椒(份),4
青尖椒(份),12
红灯笼椒(份),14
灯笼椒(份),14
七彩椒(份),14
小皱皮(份),6
水果辣椒,14
水果辣椒(橙色),14
青线椒(份),8
青杭椒(份),18
红杭椒(份),16
红尖椒(份),13
水果辣椒(份),14
螺丝椒(份),3
灯笼椒(2),14
红灯笼椒(2),14
七彩椒(2),14
姜蒜小米椒组合装(小份),9
紫螺丝椒,14
红椒(份),14
青红杭椒组合装(份),11
红椒(2),20
青红尖椒组合装(份),14
