﻿,0
泡泡椒(精品),4
青尖椒,20
红椒(1),8
七彩椒(1),28
红灯笼椒(1),23
青线椒,0
红杭椒,13
小米椒,17
灯笼椒(1),30
螺丝椒,7
红尖椒,25
青杭椒(2),31
芜湖青椒(1),1
组合椒系列,18
青杭椒(1),11
红线椒,11
小皱皮,26
余干椒,33
辣妹子,29
紫尖椒,11
小米椒(份),2
青尖椒(份),15
红灯笼椒(份),35
灯笼椒(份),35
七彩椒(份),35
小皱皮(份),6
水果辣椒,11
水果辣椒(橙色),11
青线椒(份),9
青杭椒(份),22
红杭椒(份),14
红尖椒(份),16
水果辣椒(份),21
螺丝椒(份),5
灯笼椒(2),34
红灯笼椒(2),27
七彩椒(2),24
姜蒜小米椒组合装(小份),10
紫螺丝椒,11
红椒(份),3
青红杭椒组合装(份),12
红椒(2),19
青红尖椒组合装(份),32
