﻿,0
泡泡椒(精品),2
青尖椒,18
红椒(1),5
七彩椒(1),28
红灯笼椒(1),30
青线椒,10
红杭椒,24
小米椒,16
灯笼椒(1),20
螺丝椒,7
红尖椒,23
青杭椒(2),31
芜湖青椒(1),1
组合椒系列,14
青杭椒(1),22
红线椒,22
小皱皮,29
余干椒,22
辣妹子,32
紫尖椒,22
小米椒(份),4
青尖椒(份),15
红灯笼椒(份),22
灯笼椒(份),22
七彩椒(份),22
小皱皮(份),6
水果辣椒,22
水果辣椒(橙色),22
青线椒(份),8
青杭椒(份),19
红杭椒(份),13
红尖椒(份),11
水果辣椒(份),21
螺丝椒(份),3
灯笼椒(2),22
红灯笼椒(2),26
七彩椒(2),25
姜蒜小米椒组合装(小份),9
紫螺丝椒,22
红椒(份),27
青红杭椒组合装(份),12
红椒(2),17
青红尖椒组合装(份),0
