﻿,0
大白菜,2
上海青,7
菜心,19
云南生菜,3
甜白菜,12
云南油麦菜,17
苋菜,11
菠菜,15
红薯尖,18
竹叶菜,21
黄白菜(2),14
外地茼蒿,0
小白菜,0
木耳菜,0
娃娃菜,6
黄心菜(1),23
东门口小白菜,0
南瓜尖,0
牛首油菜,20
快菜,0
奶白菜,22
蔡甸藜蒿,0
紫苏,0
茼蒿,15
本地上海青,0
萝卜叶,0
枝江红菜苔,9
牛首生菜,0
荠菜,0
四川红香椿,0
豌豆尖,0
白菜苔,0
随州泡泡青,0
丝瓜尖,0
本地黄心油菜,5
紫贝菜,0
田七,0
油菜苔,0
青菜苔,0
马齿苋,0
甘蓝叶,0
面条菜,0
薄荷叶,0
鲜粽子叶,0
黑油菜,0
冰草,0
芥菜,0
菊花油菜,0
大芥兰,0
奶白菜苗,0
芥兰,0
蒲公英,0
黄花菜,0
小青菜(1),0
双沟白菜,0
菜心(份),5
茼蒿(份),0
小青菜(2),0
云南油麦菜(份),10
菠菜(份),1
上海青(份),5
云南生菜(份),4
枝江红菜苔(份),0
洪山菜苔,0
襄甜红菜苔(袋),0
紫苏(份),0
马兰头,0
竹叶菜(份),0
鱼腥草,0
春菜,0
红薯尖(份),0
蔡甸藜蒿(份),0
红橡叶,0
绿牛油,0
红珊瑚(粗叶),0
保康高山大白菜,8
苋菜(份),0
槐花,0
奶白菜(份),13
黄心菜(2),5
小青菜(份),16
小白菜(份),0
鲜粽叶(袋)(2),0
芝麻苋菜,0
鲜粽叶,0
鲜粽叶(袋)(1),0
艾蒿,0
鱼腥草(份),0
外地茼蒿(份),0
本地小毛白菜,0
黄白菜(1),0
龙牙菜,0
冰草(盒),0
洪山菜薹珍品手提袋,0
洪山菜薹莲藕拼装礼盒,0
白蒿,0
大白菜秧,0
鲜粽叶(袋)(3),0
木耳菜(份),0
