﻿,0
西峡香菇(1),2
金针菇(1),8
杏鲍菇(1),16
海鲜菇(1),26
姬菇(1),34
金针菇(袋)(1),3
平菇,4
蟹味菇(2),37
白玉菇(2),35
海鲜菇(袋)(1),15
姬菇(包),23
杏鲍菇(袋),11
鲜木耳(1),40
白玉菇(袋),9
虫草花,0
双孢菇,31
西峡花菇(1),7
黑皮鸡枞菌,0
鸡枞菌,0
银耳(朵),38
绣球菌,0
虫草花(袋),19
猴头菇,0
秀珍菇,0
金针菇(袋)(3),12
蟹味菇(袋),29
牛排菇,0
海鲜菇(袋)(4),14
虫草花(盒)(2),0
活体银耳,0
白玉菇(1),0
杏鲍菇(250克),0
金针菇(袋)(2),5
蟹味菇(1),42
海鲜菇(包),13
黑牛肝菌(盒),0
赤松茸(盒),0
猪肚菇(盒),0
牛排菇(盒),0
黑皮鸡枞菌(盒),0
杏鲍菇(份),36
海鲜菇(袋)(3),10
蟹味菇(盒),39
白玉菇(盒),32
金针菇(盒),1
虫草花(份),21
姬菇(份),25
双孢菇(份),0
海鲜菇(份),20
姬菇(2),0
海鲜菇(2),41
鲜木耳(2),0
西峡香菇(2),22
西峡花菇(2),0
金针菇(2),28
杏鲍菇(2),17
绣球菌(袋),0
双孢菇(盒),6
鲜木耳(份),24
和丰阳光海鲜菇(包),33
金针菇(份),0
黑牛肝菌,0
西峡香菇(份) ,27
茶树菇(袋),43
海鲜菇(袋)(2),18
菌蔬四宝(份),0
菌菇火锅套餐(份),0
蟹味菇与白玉菇双拼(盒),30
花菇(一人份),0
鹿茸菇(盒),0
赤松茸,0
