﻿,0
西峡香菇(1),5
金针菇(1),4
杏鲍菇(1),13
海鲜菇(1),29
姬菇(1),29
金针菇(袋)(1),3
平菇,9
蟹味菇(2),0
白玉菇(2),0
海鲜菇(袋)(1),16
姬菇(包),24
杏鲍菇(袋),10
鲜木耳(1),0
白玉菇(袋),11
虫草花,0
双孢菇,29
西峡花菇(1),7
黑皮鸡枞菌,0
鸡枞菌,0
银耳(朵),0
绣球菌,0
虫草花(袋),22
猴头菇,0
秀珍菇,0
金针菇(袋)(3),8
蟹味菇(袋),20
牛排菇,0
海鲜菇(袋)(4),14
虫草花(盒)(2),0
活体银耳,0
白玉菇(1),0
杏鲍菇(250克),0
金针菇(袋)(2),2
蟹味菇(1),0
海鲜菇(包),15
黑牛肝菌(盒),0
赤松茸(盒),0
猪肚菇(盒),0
牛排菇(盒),0
黑皮鸡枞菌(盒),0
杏鲍菇(份),0
海鲜菇(袋)(3),12
蟹味菇(盒),0
白玉菇(盒),0
金针菇(盒),1
虫草花(份),19
姬菇(份),25
双孢菇(份),0
海鲜菇(份),17
姬菇(2),0
海鲜菇(2),0
鲜木耳(2),0
西峡香菇(2),28
西峡花菇(2),0
金针菇(2),27
杏鲍菇(2),23
绣球菌(袋),0
双孢菇(盒),6
鲜木耳(份),21
和丰阳光海鲜菇(包),0
金针菇(份),0
黑牛肝菌,0
西峡香菇(份) ,26
茶树菇(袋),0
海鲜菇(袋)(2),18
菌蔬四宝(份),0
菌菇火锅套餐(份),0
蟹味菇与白玉菇双拼(盒),0
花菇(一人份),0
鹿茸菇(盒),0
赤松茸,0
