销售日期,花叶类,花菜类,水生根茎类,茄类,辣椒类,食用菌
2020/7/1,19.17589658,0.236494601,-4.132788042,0.921461032,-0.622134198,3.170320629
2020/7/2,13.78611255,-0.092393604,-4.302012084,0.710043184,-1.073785068,3.752384821
2020/7/3,15.09484873,-0.381224996,-8.270809133,0.946354155,-1.561289753,3.204998198
2020/7/4,23.63275473,0.630052243,-3.364829607,2.262835746,-1.936747921,3.72334353
2020/7/5,11.63287385,0.592139914,-4.056902821,4.148243057,-2.509096108,3.399235558
2020/7/6,10.88126751,-0.632881953,-3.351170267,1.439375569,-1.859404757,2.6590049
2020/7/7,10.70917341,-0.945259807,-3.372418129,0.708210727,-1.987907455,4.497391567
2020/7/8,6.843670389,-0.757978516,-2.296854074,1.154369757,-3.021061669,3.55872066
2020/7/9,10.1945914,-0.46411959,-2.605218547,1.613726329,-1.683233779,3.322135837
2020/7/10,9.786814822,-1.324148316,-2.565253501,2.193250082,-2.671276155,3.637228796
2020/7/11,18.02317371,-1.15632449,-1.659934765,2.848368029,-3.935368315,4.125160098
2020/7/12,23.57892732,-0.463243202,-1.880102441,6.423755861,-1.541882553,4.972480196
2020/7/13,14.79554654,-0.994427783,-2.835885474,2.844866126,-1.963377479,3.858626477
2020/7/14,12.76883679,-1.141272616,-1.539434172,1.815545927,-2.636987849,2.989222637
2020/7/15,17.85308176,-0.976966805,-1.868253792,2.620015959,-2.861339827,4.262905415
2020/7/16,16.76791606,-0.56811483,-2.678222646,1.801870513,-2.490571576,3.52131157
2020/7/17,13.76654786,-0.636611322,-2.742131608,3.221053047,-1.827302932,3.810560785
2020/7/18,23.41563051,-0.484139021,-1.879352474,4.468596965,-3.368890971,4.208891509
2020/7/19,33.05146291,-0.281940726,-2.339641259,5.692869061,-4.112585562,4.492863944
2020/7/20,12.3715891,-1.703711392,-2.410940732,2.977662878,-2.815149331,3.566055655
2020/7/21,15.56901881,-1.227564187,-2.276486563,1.469258389,-1.881461306,3.416664295
2020/7/22,13.55004766,-0.928263275,-2.47855134,3.928511294,-3.964838546,5.119648477
2020/7/23,10.423019,-1.151879987,-2.794213025,3.341113219,-1.692821772,4.383995491
2020/7/24,10.71730455,-0.991022084,-2.189247859,2.710135632,-1.353082621,3.790627356
2020/7/25,18.75171845,-0.967170246,-1.921636025,7.905032995,-1.673878881,4.538421538
2020/7/26,20.38749791,-0.62623291,-2.620017361,5.777042239,-2.073633595,4.552316436
2020/7/27,16.46773199,-0.93407176,-1.555923703,3.381631765,-1.914583198,3.877214624
2020/7/28,11.12828119,-0.984794081,-1.81458691,3.358248295,-1.58587286,2.735192948
2020/7/29,11.8777613,-0.470202645,-1.561099733,3.557413191,-1.706995111,4.033027129
2020/7/30,12.35982025,-1.357512113,-0.876226785,3.855689658,-2.789603556,3.493036928
2020/7/31,9.207685275,-1.268171994,-0.834547416,2.304259541,-2.231309748,2.906569886
2020/8/1,14.92476786,-0.692780566,-1.082798317,4.263966953,-1.897036269,3.166887406
2020/8/2,16.27984836,-0.697901013,1.336440226,3.685873934,-1.65604285,3.956753353
2020/8/3,14.8995033,-0.903376245,-1.680127465,2.674079547,-1.438641673,2.916172595
2020/8/4,7.085353662,-1.060759609,-0.72733751,2.43446056,-0.97507466,3.2126038
2020/8/5,8.475007956,-1.559861361,-1.023912218,4.663020418,-2.019063506,3.982536396
2020/8/6,13.05446331,-1.93341175,-0.206888467,2.593162616,-1.825466459,3.184301492
2020/8/7,13.09205022,-1.036504809,-1.306094852,4.010926723,-1.514648701,3.382588782
2020/8/8,25.13591174,-1.327970193,-0.843985242,4.47306276,-1.54778183,4.912664549
2020/8/9,16.88192878,-0.052050083,-1.386258114,4.71645957,-2.526889335,4.024871366
2020/8/10,12.00504552,-0.665384318,-0.787360012,4.103759149,-1.626078712,3.19736062
2020/8/11,13.5290701,-1.056371864,-0.815581661,2.183016939,-1.533122782,3.885286472
2020/8/12,16.40825768,-0.848834821,-0.200706571,2.852433993,-2.027733068,3.432274883
2020/8/13,9.261675688,-1.043394053,-0.86084619,1.976335414,-1.8209222,3.35680209
2020/8/14,11.9286052,-1.328962643,-0.469307256,2.489008319,-2.39930885,3.974246627
2020/8/15,17.91280227,-4.256306509,-0.697566201,3.024623273,-1.943586708,3.22657046
2020/8/16,19.76285106,-0.766851818,-0.802269892,5.34271276,-2.510936888,3.823630775
2020/8/17,14.42040839,-1.144707753,-1.339555289,2.325011444,-2.080038739,4.950498513
2020/8/18,16.04772655,-1.175036092,-0.447657349,2.382926263,-2.574623844,2.274006396
2020/8/19,15.76427154,-0.190123544,-0.677760353,2.194104103,-2.161450371,3.194058676
2020/8/20,14.45469637,-0.768890436,-0.687880661,2.418288215,-1.634417629,3.677937052
2020/8/21,16.67934642,-0.779381147,-0.803633117,1.73670497,-2.270001493,3.705765235
2020/8/22,22.50190509,-0.841492611,-0.159372371,2.506423477,-2.633207019,4.79604402
2020/8/23,21.8400136,-0.473406448,-0.757222247,4.668978639,-2.561725751,3.303966905
2020/8/24,18.82985228,-0.951029704,-0.8013376,1.787830774,-2.302714101,2.968414176
2020/8/25,20.78958825,-0.908208206,-1.427095876,1.279267119,-2.103594728,3.797496561
2020/8/26,15.96030834,0.875343884,-0.815778839,2.132049944,-2.029197059,3.031421777
2020/8/27,15.26273312,1.798929115,-1.533182577,0.183288348,-1.953053792,3.647801879
2020/8/28,15.10879619,-1.286546862,-3.308993111,0.942839769,-1.143953475,3.166915763
2020/8/29,26.21474123,-0.553161929,2.989521076,0.940806535,-2.258114014,3.412218409
2020/8/30,24.54057887,-0.781423388,-0.500635661,1.015845012,-2.302341876,3.985533634
2020/8/31,18.60482669,-0.979115516,1.226510943,0.524436417,-2.022291645,4.629952149
2020/9/1,13.93279567,-0.756032273,0.946460747,0.912179241,-1.456548952,3.246789803
2020/9/2,11.78590803,-0.776558939,-1.089305,0.080832053,-1.224974457,3.003592498
2020/9/3,9.616545175,-1.027081923,-1.086699905,0.145246094,-1.370776192,2.667635652
2020/9/4,10.9937845,-1.125987694,-2.827373842,0.856616793,-1.013159958,4.079988627
2020/9/5,17.60014387,-0.862232625,0.173366705,1.764452753,-1.250533701,3.596940567
2020/9/6,21.57253778,-0.590776056,1.191194402,1.917693563,-2.65293248,5.397924451
2020/9/7,8.924329089,-0.705935149,0.218093308,0.607189609,-1.257168284,2.563277439
2020/9/8,7.956180026,-0.63180886,0.166837843,0.906468591,-1.105479541,2.998026595
2020/9/9,7.343634204,-0.760294057,-0.964452903,-0.050575398,-1.056521157,1.603023337
2020/9/10,5.302644133,1.195150526,-0.75741081,0.24661537,-1.245302271,2.316556647
2020/9/11,10.16330134,-1.586203975,-0.715090599,0.673650354,-1.440198052,3.528503061
2020/9/12,16.75743441,0.00808531,0.033654772,0.816181604,-1.874859216,3.870540699
2020/9/13,17.79486464,-0.119153331,-0.813266503,1.287138129,-2.016747141,3.042723493
2020/9/14,10.34033849,0.873564168,-0.879889422,0.435633747,-1.334719167,2.561509286
2020/9/15,9.250194009,-0.573062635,-3.822840892,0.351111659,-1.098574452,2.812412114
2020/9/16,8.83734032,0.760917578,-1.084107732,0.101274238,-1.4505532,2.258615834
2020/9/17,7.790195841,-0.69050799,0.063114622,1.601920394,-1.410432353,2.371572152
2020/9/18,7.70454341,-0.804006585,-1.340745147,0.173706182,-1.101443688,1.38931763
2020/9/19,15.90899921,0.683226165,0.514841039,1.451662604,-1.907636199,3.555671049
2020/9/20,22.30659701,-1.564886359,0.435261951,2.87239625,-2.765704394,2.946493646
2020/9/21,9.9868393,-1.07854696,-0.007343519,1.11807225,-1.594341747,3.09063107
2020/9/22,19.18026886,-0.312840993,0.192128206,2.01672204,-1.685552581,1.696069577
2020/9/23,11.4057092,-0.720960988,-0.967752152,1.695720786,-1.265553349,2.730350843
2020/9/24,9.291200901,-0.620207418,1.537634239,1.064179839,-1.114700897,2.381969129
2020/9/25,16.38455238,0.293875642,-1.571428463,2.761389967,-1.25404133,2.352950439
2020/9/26,22.85441378,-0.05495714,0.6451825,2.825935122,-1.034713661,4.366515549
2020/9/27,15.69353182,-1.256547764,-0.232973422,0.731844049,-0.940434368,2.504132513
2020/9/28,12.94341901,-0.89269441,-1.013213704,1.358195668,-0.961739507,1.498160267
2020/9/29,13.62968051,-0.834276512,-0.182799467,1.613720312,-1.103811523,2.630382009
2020/9/30,16.35494225,0.05510404,0.261431757,2.061112686,-1.22719402,1.221148305
2020/10/1,27.55825139,1.038018419,0.918074104,2.663461372,-1.739605591,2.928464159
2020/10/2,33.60664578,0.393100325,-2.569592105,3.088822774,-1.849358352,3.557547205
2020/10/3,40.06005833,-0.219131238,-0.570661524,3.088822774,-1.527118783,2.928915878
2020/10/4,33.27117386,-0.639576656,-0.517639071,4.135216611,-1.246258977,7.075686073
2020/10/5,31.7788548,-1.67873712,1.361379409,2.402292169,-1.425304925,4.619056264
2020/10/6,38.84685925,-1.67873712,0.130025931,4.748577226,-1.171495657,5.907060315
2020/10/7,23.53756589,-0.929595335,1.624084374,3.159591777,-1.004432274,2.438376551
2020/10/8,35.89313929,-1.499907959,-0.182866272,3.712501935,-1.298318909,9.120472864
2020/10/9,19.92407262,0.008048598,1.618279886,1.553995342,-1.309454041,2.675591119
2020/10/10,14.51849281,-1.147212315,0.128462966,3.190767404,-0.806223482,2.075063419
2020/10/11,39.32691695,-0.335103886,1.971000213,3.647889254,-0.975045512,7.696943706
2020/10/12,27.84665392,-1.39477114,-0.161156724,1.358227007,-0.799813598,3.928619283
2020/10/13,25.0267895,-1.636361659,1.422566419,2.23593055,-0.792046807,2.656137106
2020/10/14,33.25465873,-0.962725086,1.828864369,0.748833068,-0.736899785,2.869414859
2020/10/15,21.5420456,-0.307567597,1.58060376,1.593836561,-0.700449013,3.29213923
2020/10/16,20.61729273,-0.930954729,2.612373624,1.652505197,-0.846648899,2.842500377
2020/10/17,42.43917363,2.018570161,4.339886941,2.028078753,-1.344544219,3.664888602
2020/10/18,29.30472105,1.284648207,3.862269126,3.829306128,-0.809400442,2.485169099
2020/10/19,14.29341436,-0.144708748,1.484736499,2.028579103,-0.672463257,2.65741577
2020/10/20,15.17831129,-1.078667851,2.026920484,0.226376657,-0.84292068,1.846314297
2020/10/21,15.24436476,-0.52299147,0.294128944,1.119151504,-0.787431479,1.757059869
2020/10/22,13.4519306,-0.924692972,1.197318839,0.565969755,-0.882905608,1.064677192
2020/10/23,13.4842963,-0.763355714,0.691392846,0.451949665,-0.659799347,1.762366564
2020/10/24,34.38069755,-0.996828601,3.162229446,1.94607974,-0.974613673,3.509730573
2020/10/25,37.7560958,-1.083114705,3.360346935,2.29533666,-1.276391234,3.419175669
2020/10/26,16.31318504,-0.623499184,0.261293486,0.233255153,-0.579183917,1.852204681
2020/10/27,14.79735419,0.153328383,0.298547922,0.633325023,-0.722256203,1.44486063
2020/10/28,22.37940356,-0.860462017,0.982568809,0.571303513,-0.51431863,1.984381403
2020/10/29,13.35693599,-0.79191382,-0.03563725,0.35335838,-0.677005581,2.466429345
2020/10/30,13.18560009,-0.524331021,0.144865705,0.553051711,-0.671269888,1.19379453
2020/10/31,25.7564704,1.0783286,3.857788774,0.518700085,-1.306688572,2.689848541
2020/11/1,20.33210082,1.088974031,3.370903382,0.835009417,-0.842571883,2.096204181
2020/11/2,12.65558654,-0.47852953,-0.083202632,0.104067646,-1.168609686,2.410957636
2020/11/3,17.75161274,0.550830857,-0.041836093,0.191199287,-0.573667681,1.491119807
2020/11/4,10.57415756,1.043456321,0.108900138,-0.181857331,-0.561376036,3.985640266
2020/11/5,12.74977005,0.641276424,-0.494781284,-0.422608805,-0.741036743,2.598770347
2020/11/6,19.54482655,-3.785531199,-0.182015878,-0.275609545,-0.580105187,1.558818667
2020/11/7,18.18329931,-1.045893245,3.375874731,-0.079700384,-1.454980082,1.166843275
2020/11/8,21.07275771,-0.510907591,2.565360614,0.660966386,-1.050607446,1.736333488
2020/11/9,11.38986971,0.184167404,-0.112294234,0.141353878,-0.72303915,1.268353175
2020/11/10,14.52441407,-1.190349995,-0.264257959,0.031468682,-0.689826754,1.870369209
2020/11/11,14.378236,1.589061951,-0.10321078,0.727014458,-0.717781175,2.072324281
2020/11/12,11.86135036,-0.362957916,-0.178701645,0.916926652,-0.647462481,1.456724884
2020/11/13,16.18248962,0.68172409,-0.205952006,-0.579542652,-0.52210858,1.572187843
2020/11/14,20.24715021,2.625180301,2.560450639,0.263504373,-1.176747065,3.024471442
2020/11/15,23.74558925,2.34152414,1.776450386,0.527677473,-0.751008792,2.346969663
2020/11/16,14.62804737,0.854722042,-0.120211568,0.407460734,-0.761491818,1.806249392
2020/11/17,33.03071461,0.991075127,0.512684205,0.207098332,-0.692463143,3.439932861
2020/11/18,25.75667206,0.503579201,0.169538329,0.244578469,-0.866295076,2.738392841
2020/11/19,22.10543682,1.337382255,0.021932207,-0.072289986,-1.111337823,2.712305042
2020/11/20,31.22790363,0.254546024,0.266510335,-0.052007161,-0.861910508,2.238671373
2020/11/21,66.29967759,0.667706777,4.59011154,1.177178332,-1.283936819,4.752530767
2020/11/22,35.20720989,1.365470019,3.138047819,1.646419626,-1.10081936,7.360141061
2020/11/23,19.97420055,-0.036395706,1.14024038,0.778975223,-0.798283153,5.361378177
2020/11/24,34.44894229,-0.32623082,1.735881718,0.005316081,-0.854084657,3.6493513
2020/11/25,35.56868248,-1.31883839,1.367940469,0.341626253,-0.650768996,3.220218456
2020/11/26,27.03987149,-0.642743738,0.471992787,0.156420637,-0.808156289,3.271999391
2020/11/27,22.89005877,-0.950497449,0.4154667,0.26847005,-0.978978753,3.568061486
2020/11/28,35.08203313,0.711141883,0.8519021,0.86378846,-1.082480868,5.204240951
2020/11/29,28.54302942,0.957105167,0.925858598,1.078258104,-0.889740656,5.620496536
2020/11/30,25.24980658,-1.005795406,0.127189795,0.393519452,-1.033368994,2.336793218
2020/12/1,26.60314396,-1.007278945,0.529071246,-0.346539205,-0.743641972,3.039707341
2020/12/2,21.53759604,-0.9471333,1.027446517,-0.063438435,-0.635547054,2.689488951
2020/12/3,24.49925193,-0.775959204,3.973734903,0.236731769,-0.923604696,0.770233325
2020/12/4,30.11007553,-0.717723466,3.973734903,-0.025223981,-0.59771093,2.313626387
2020/12/5,38.01305767,1.051278597,3.619648715,0.636937858,-0.962820254,2.657183811
2020/12/6,29.74780876,-0.393782253,11.29926303,0.3638131,-1.193888136,3.955653947
2020/12/7,16.0755046,-1.278467449,5.994655831,-0.291673886,-0.852795549,1.867776927
2020/12/8,18.61879559,-0.758428496,11.01778262,-0.460526618,-0.436969406,2.171786525
2020/12/9,19.66474806,-0.897678192,1.813551472,-0.255564315,-0.773441267,1.114690164
2020/12/10,22.10587789,-1.231061603,2.961588101,-0.208620966,-0.693112151,2.171888549
2020/12/11,18.78058828,-0.633039832,4.211228057,-0.217996405,-0.544047421,3.613893496
2020/12/12,28.60234599,0.316584514,5.992382918,-0.094167849,-0.840038261,4.489063635
2020/12/13,39.81499733,-0.44953917,6.661187811,0.262550877,-1.29280833,6.473373978
2020/12/14,19.21751406,-1.229394518,6.115232038,-0.34872327,-0.454462543,2.899000038
2020/12/15,19.68295103,-1.521786322,2.265853158,-0.374497396,-0.517189879,3.705196913
2020/12/16,20.90112399,-0.536185621,4.176560859,-0.557514058,-0.574424956,1.905348456
2020/12/17,17.94109473,-1.41400465,4.839675906,-0.210466152,-0.449853248,3.818730083
2020/12/18,16.20754833,-0.880340261,3.338222265,0.141780463,-0.886751639,2.026834803
2020/12/19,27.78967022,-0.413442442,3.927511688,0.005548209,-0.801190865,4.339293399
2020/12/20,31.37987796,0.067615974,6.62028786,0.000769771,-1.089929568,4.332373748
2020/12/21,11.88263214,-0.627896098,4.020934642,-0.35937133,-0.687252086,1.406667574
2020/12/22,16.08799536,-0.527670438,3.274237268,-0.257682258,-0.663016991,2.217949817
2020/12/23,16.79166742,0.308994192,3.998684814,-0.381326677,-0.847884121,2.321172702
2020/12/24,21.82727976,-1.589222956,5.943855337,-0.58996075,-0.51817718,3.294910178
2020/12/25,15.59573077,-0.901768797,5.093898983,-0.483275215,-0.820321686,2.397508469
2020/12/26,27.51627915,-0.739386621,8.514628706,0.087939907,-1.447033558,4.330526748
2020/12/27,27.02291107,-1.09668046,10.34666449,-0.400842083,-1.147850967,2.676506053
2020/12/28,26.10901797,-1.340806604,5.084371506,0.010193894,-0.714752993,1.712875717
2020/12/29,17.26932491,-0.847397232,3.616880533,-0.411842156,-0.717037805,2.55159819
2020/12/30,12.15925764,-0.984789151,5.782362496,-0.146425654,-0.609046585,2.328006773
2020/12/31,18.54156732,-0.898208743,5.531641851,0.169717942,-0.910066312,6.078101221
2021/1/1,25.35023283,-1.001167562,9.246872842,-0.002516318,-1.282114098,6.840091042
2021/1/2,22.0854555,-1.561051011,7.463883631,0.01722195,-1.070902689,5.28428705
2021/1/3,20.18784109,-0.262289477,7.365708371,-0.284918851,-1.223198195,4.603549175
2021/1/4,20.64625928,-0.873358295,3.649210252,-0.510701041,-1.034481728,4.464399854
2021/1/5,16.36084464,-1.20001242,8.610136328,-0.208433046,-0.539726176,3.753109596
2021/1/6,17.85361421,-0.700808951,3.902809741,-0.271133666,-0.546200736,3.199191291
2021/1/7,16.20147332,-1.079822147,1.929333287,-0.337707183,-0.484028185,2.784111147
2021/1/8,26.03582903,-1.479098976,4.375602726,-0.36908244,-0.677626656,3.658606366
2021/1/9,23.22746186,-0.59844049,4.48971072,0.030357408,-1.231712816,5.623410738
2021/1/10,25.53674981,-0.16536634,4.96406388,0.385489742,-1.115245742,5.271175287
2021/1/11,17.04347906,-1.341375173,2.338331043,-0.128061124,-0.925219969,2.94913653
2021/1/12,13.32151806,-0.909843047,4.187781566,-0.733090072,-0.541675402,3.256981715
2021/1/13,15.4952898,-0.433331037,1.909239133,-1.151206984,-0.443575317,3.03154257
2021/1/14,11.91448527,-0.295275622,1.623179054,0.032997905,-0.490345563,2.103134851
2021/1/15,15.09135538,-1.013613215,2.942119086,-0.210170835,-0.525142422,2.550248842
2021/1/16,25.34638625,-0.704607566,4.847344535,0.163680085,-0.933677356,6.821242981
2021/1/17,17.98512121,9.92616111,2.151884854,0.437949669,-1.571997695,6.083997882
2021/1/18,13.49796839,-1.315303708,3.260052116,-0.488468391,-0.976711582,2.960545973
2021/1/19,14.74591662,10.39940105,2.895296105,-0.552412652,-0.995641712,3.612399724
2021/1/20,15.82223918,5.874779139,2.284494957,0.080916243,-0.834177573,4.295487019
2021/1/21,15.47387416,3.005587871,2.816899402,0.298463192,-1.066263603,2.870200441
2021/1/22,16.94554009,-0.813040183,2.966777248,-0.346848572,-1.308213883,5.900139115
2021/1/23,15.89677664,12.99436884,1.73420332,0.148593738,-0.838947115,8.41685865
2021/1/24,30.09889523,11.79473949,3.476292418,0.386591394,-0.994671993,7.176759474
2021/1/25,16.42244004,-1.154765066,2.608048842,0.131481274,-1.403457971,4.962145423
2021/1/26,13.75103093,3.378656158,4.255797606,-0.124140127,-1.006514586,3.520783313
2021/1/27,16.68310998,9.089760235,2.033013588,-0.393513267,-1.124494637,3.755440257
2021/1/28,13.04554103,-1.050287292,1.620910931,-0.027058804,-1.017333335,4.308912243
2021/1/29,10.33568446,4.611130069,3.090332537,-0.182493818,-1.080681813,4.999708777
2021/1/30,16.97628521,0.858618202,1.882838446,-0.928065822,-1.453117509,6.700625182
2021/1/31,22.82816392,-1.142930731,3.416108789,-0.270808579,-1.309817041,6.27917666
2021/2/1,11.3550212,-0.833922871,1.354156351,-0.472947459,-0.960761983,4.442561938
2021/2/2,11.91988252,-0.904781046,2.582717288,-0.158813387,-0.911372747,6.045803697
2021/2/3,16.01462556,1.282699843,1.713981046,-0.604725316,-0.938978035,5.838507705
2021/2/4,14.92673181,0.511700974,4.906357323,-0.397967354,-1.546807318,6.940380269
2021/2/5,14.71566845,0.30297287,3.551187993,-0.574242559,-1.887448179,5.183752969
2021/2/6,14.97637622,0.077941397,1.683175041,0.010494368,-2.693204955,7.114285881
2021/2/7,12.86053787,-0.237980756,3.834806726,0.433427915,-2.540600077,10.36958735
2021/2/8,16.62013807,-1.452748908,3.250236999,0.155987171,-5.95387765,14.64278742
2021/2/9,28.02616928,9.507559434,7.063664114,3.977095666,-9.268807224,20.40509382
2021/2/10,56.19416228,-0.80928343,10.43806477,6.465508464,-13.16279673,37.45017839
2021/2/11,-4.801301097,-0.926345625,-1.007075797,-1.151206984,-0.092639863,-0.216338601
2021/2/12,-4.801301097,-0.926345625,-1.007075797,-1.151206984,-0.092639863,-0.216338601
2021/2/13,25.86523429,-2.161903596,-1.755584851,0.770048184,-3.234363738,4.197430071
2021/2/14,22.91974374,-0.691678193,3.650473336,0.510913861,-3.956477939,9.915815095
2021/2/15,37.03877421,-1.022823602,-0.500839941,1.478936754,-4.850586988,14.65116243
2021/2/16,26.62716906,0.23957927,3.155294106,0.947800932,-4.771633666,11.77885618
2021/2/17,19.56873359,-0.401448564,2.28457142,0.862307166,-2.584004534,10.54609953
2021/2/18,23.40188066,-0.678465219,2.818224324,0.053930117,-2.320740282,8.07948672
2021/2/19,17.86913913,-0.85577557,5.823096523,-0.624280489,-2.641755861,6.829898765
2021/2/20,18.58179754,0.048288764,3.10310217,0.204898003,-2.187170587,6.190309505
2021/2/21,14.054632,-0.320745999,1.283688814,0.782370668,-1.651516812,7.009337446
2021/2/22,15.26128782,-0.712147022,2.372787329,-0.27700232,-1.403637529,4.353221217
2021/2/23,12.63092987,-0.762140658,0.542819882,1.199885584,-1.248768716,5.044997634
2021/2/24,17.72535967,-0.670477758,1.682630178,1.558813591,-2.066663097,6.728995065
2021/2/25,16.5731516,-0.278745575,0.631966258,1.89744305,-3.42467135,8.005065857
2021/2/26,32.20177905,-0.972290405,1.299562442,2.984433949,-5.842169253,9.415743701
2021/2/27,18.81760385,-0.391738204,1.018323696,0.744730269,-3.967461217,8.328122208
2021/2/28,33.23424187,-0.522350206,0.851697498,2.056721757,-6.141800464,6.451929805
2021/3/1,26.69202165,-0.906096327,0.394011773,1.507107121,-5.204628724,3.912387935
2021/3/2,17.90868634,-0.047571374,-0.067543772,-0.01459921,-4.275361193,2.265946492
2021/3/3,16.15414643,-0.775951727,-0.725604703,1.686944969,-4.672651531,4.024473348
2021/3/4,10.37357259,-0.945911561,-0.041169921,0.76113091,-1.876362188,4.169776421
2021/3/5,13.49135125,-1.118356005,-0.148354801,0.334253676,-3.327250543,3.653587631
2021/3/6,23.42002635,-1.24708503,0.109820124,1.314051667,-5.750994308,8.132145548
2021/3/7,19.60575455,-1.83488143,0.493526353,0.70326536,-2.651128099,6.164203443
2021/3/8,18.47671006,-1.933908905,0.41615755,0.412287781,-3.015108306,2.928247603
2021/3/9,10.53184259,-1.450405319,0.844528189,0.156206316,-2.692678851,8.900963537
2021/3/10,7.893997497,-1.133987225,0.520601539,-0.204653489,-2.385944651,5.179545048
2021/3/11,12.41306042,-1.328440321,0.07330083,0.203791754,-2.175904871,5.511316048
2021/3/12,9.345349161,-0.7695806,0.175993157,0.715906356,-2.761573781,6.886823213
2021/3/13,11.98854849,-1.286041908,0.661294828,0.684312089,-2.923974171,5.267337432
2021/3/14,10.31067904,-0.629486411,0.165166535,0.327231339,-2.743330145,3.737131655
2021/3/15,7.119702907,-0.721340607,-0.001916334,-0.269715165,-1.830534195,1.582650617
2021/3/16,3.981834689,-0.839031573,-0.098954956,-0.18953565,-1.662340719,2.718349263
2021/3/17,5.511968234,-0.31266053,-0.905956994,0.097604189,-2.41560563,1.203827569
2021/3/18,8.920326612,-1.218746147,-0.109015163,-0.316792471,-2.070218915,3.047713827
2021/3/19,10.05421078,-1.697468291,0.182940517,-0.032590492,-1.850569838,2.578187669
2021/3/20,28.71144158,-0.566984046,-1.437753275,0.660590687,-2.617849945,3.397316461
2021/3/21,14.00111972,-1.97420982,-1.082650929,0.130802337,-2.667299931,4.849505855
2021/3/22,9.828419876,-1.103036135,-1.983502885,-0.41429764,-1.666717638,1.966390564
2021/3/23,10.04756288,-0.90106244,-1.390365261,0.230254682,-1.977488786,2.255830376
2021/3/24,6.067726759,-1.269486753,-1.39144404,-0.185812541,-1.075022236,1.118633205
2021/3/25,6.493284649,-1.160940311,-1.432736327,-0.068040788,-1.522855273,1.777821026
2021/3/26,15.88381871,-1.37492719,-0.713069414,0.54661767,-1.384101508,4.06187662
2021/3/27,18.60584381,-0.909828098,-0.316975311,0.893818444,-1.987371693,3.374670715
2021/3/28,10.44329669,-0.74686783,-0.430839889,0.476076341,-2.013622989,3.886899257
2021/3/29,11.16286596,-1.49430517,-0.92477103,-0.055443936,-1.325621025,3.279011919
2021/3/30,11.90417177,-0.479738899,-0.784940187,0.288918671,-1.538700919,1.740175835
2021/3/31,9.264509388,-0.94467036,-1.55383263,1.110005113,-1.168386282,2.489988976
2021/4/1,13.67869899,-1.040198389,-2.068583925,0.891577319,-1.23237961,3.245503423
2021/4/2,15.85763558,-2.635257689,-2.249476935,0.728184397,-1.30345368,4.364592875
2021/4/3,18.77030783,-0.51849652,-3.210662743,1.699999791,-2.647087711,4.042582927
2021/4/4,9.603277948,-1.149764901,-1.060861435,1.177135976,-1.949258733,4.952482712
2021/4/5,13.57739908,0.267820253,-0.740673621,0.251001236,-2.501208123,4.010589628
2021/4/6,-0.935247457,-0.980894419,-0.920114118,-0.905704416,-0.916089358,0.394509135
2021/4/7,11.60976158,-0.721574034,-1.000474996,0.381834393,-1.883586396,4.495054703
2021/4/8,10.94789921,-0.632578302,-2.245628841,0.182349364,-1.843167258,1.233872865
2021/4/9,12.04822088,0.028288968,-0.581422396,0.178056921,-1.783378072,0.560097829
2021/4/10,22.16628166,-0.609998817,-1.0134606,1.533071189,-2.397383108,1.916449379
2021/4/11,18.44992347,-1.198577436,-1.757142565,0.960202182,-2.350324971,2.248766036
2021/4/12,12.21292477,-0.914175801,-1.67094693,-0.068499705,-1.706215498,1.903342485
2021/4/13,6.94538068,-0.74592633,-1.514376769,0.169047695,-1.699454685,2.123031455
2021/4/14,12.96145674,-0.637313179,-1.137574195,0.823014562,-1.537855214,2.011627792
2021/4/15,10.75651284,-0.918149807,-1.154721272,0.705360471,-1.511104946,1.091875983
2021/4/16,7.303400362,-1.664687134,-1.593943468,0.796440757,-2.265490219,2.041129439
2021/4/17,17.23042644,-1.33246612,-2.193021492,0.744982254,-2.015141399,2.76014564
2021/4/18,12.81465935,-1.053234209,-1.34407513,3.519664609,-3.333442641,2.287842724
2021/4/19,8.032129632,-1.21775967,-1.434606924,0.976615401,-1.448591597,1.208056299
2021/4/20,6.788203964,-0.792434676,-1.021564305,1.075791708,-1.717895726,1.474458068
2021/4/21,11.17138121,-1.552869878,-1.026284988,1.578778294,-1.38668685,0.874715678
2021/4/22,7.975628099,-1.512122767,-1.382755983,1.168799402,-1.849248372,1.967067239
2021/4/23,8.9544305,-0.531001876,-1.387523211,1.844627659,-1.922501247,1.433532176
2021/4/24,16.9568228,0.98834208,-1.293032169,3.220775717,-4.142847883,2.716566027
2021/4/25,12.42861026,0.97272808,-0.739630612,1.811446111,-2.723008973,1.683219796
2021/4/26,6.199607483,-0.223291789,-2.017377904,0.446381533,-1.50432078,0.957925292
2021/4/27,6.396440818,-0.228309194,-0.706920953,1.925353648,-1.33328649,1.023887985
2021/4/28,5.489714602,-0.93190526,-1.684871909,2.11891628,-1.240339591,0.66883604
2021/4/29,5.50863587,-1.029938856,-2.314665228,0.895466155,-1.461832509,1.440254314
2021/4/30,4.078346388,-0.713999156,-1.758713589,1.908422878,-1.923986851,1.144858752
2021/5/1,9.149687002,-0.273104056,-0.891023098,1.026767513,-1.79192958,1.503773771
2021/5/2,11.87789561,-0.200383342,-1.525542125,1.381809667,-2.011898371,1.119316148
2021/5/3,16.7471242,-0.144815409,-0.740114403,2.015110955,-2.494124937,2.137466791
2021/5/4,14.36860885,-0.927569825,-1.404559266,1.159584635,-1.792396969,1.818153876
2021/5/5,13.3064142,-0.831614809,-2.332778966,0.881317147,-2.467759823,0.728469543
2021/5/6,8.628684711,0.106302758,-1.626051626,1.216608101,-1.523537291,0.710223678
2021/5/7,6.276622004,-0.766658144,-2.282870496,0.848654509,-1.493159279,1.423001928
2021/5/8,9.070685233,-0.884815061,-2.434035254,0.706884865,-2.138973633,1.203852174
2021/5/9,12.15795647,-0.602657689,-2.337138927,2.00911294,-1.952482823,2.606427073
2021/5/10,3.541896529,-0.933589775,-1.970332248,1.179244076,-1.646287846,2.202165015
2021/5/11,5.161663843,-0.772460583,-2.087978781,1.727899242,-1.679811853,2.175439925
2021/5/12,4.963384311,-0.640979693,-2.133908986,0.832463398,-1.530763734,2.946692777
2021/5/13,2.009480031,-0.308512494,-4.591384037,1.057171992,-2.051554683,1.994784508
2021/5/14,8.98404362,-0.954284459,-2.119226976,1.321211724,-1.853317971,1.86816439
2021/5/15,17.38655958,-0.411921969,-2.088320658,4.06347284,-4.317926334,3.318089186
2021/5/16,14.23333812,-0.421257797,-1.700297227,0.471014232,-4.82138002,1.381113301
2021/5/17,9.386205526,-1.103955703,-1.710867001,2.316186719,-1.432476872,1.096573462
2021/5/18,4.754493663,-0.313585358,-2.746317998,0.769329234,-2.689917313,1.374929059
2021/5/19,4.794519881,-0.290925789,-5.029625838,0.9258501,-1.993769943,2.215611569
2021/5/20,6.448619996,-0.985788039,-5.761465538,0.805671112,-1.551111505,2.047245065
2021/5/21,2.593110358,-0.330340368,-1.703756006,0.341697678,-2.320557866,1.878204017
2021/5/22,14.4743966,0.169230145,-1.603456999,1.437314969,-2.653325023,3.236555997
2021/5/23,15.37382929,0.472810973,-4.384726712,3.454391183,-3.119186379,3.958164499
2021/5/24,11.56330343,-1.405737351,-1.747529629,0.114843902,-1.923090499,1.917179202
2021/5/25,3.126835848,-0.620914393,-1.850301131,0.79031447,-2.134245763,2.837750012
2021/5/26,8.923140537,-1.122138134,-2.265382177,0.232894901,-2.395691191,2.718987945
2021/5/27,2.234548629,-0.345130683,-2.050829741,0.085546085,-2.336594655,1.254362389
2021/5/28,0.865744128,-0.186865392,-2.821993262,0.171873793,-1.526731682,2.258576471
2021/5/29,10.09118581,0.464278948,-3.001794307,0.624415759,-2.72468338,3.269115437
2021/5/30,12.18496788,-1.243932046,-2.270958388,1.27784095,-2.943942392,1.76469977
2021/5/31,13.33541222,-0.20030733,-3.488785238,1.21792656,-1.955443627,1.372913481
2021/6/1,9.092579086,-0.396706325,-3.852424303,0.806418939,-1.677687959,1.501721946
2021/6/2,10.39203381,-1.357530978,-5.753262435,1.544000656,-1.524793249,2.600707729
2021/6/3,6.011551552,-0.520596496,-5.562195257,0.128117042,-1.41609064,2.431303299
2021/6/4,7.21770406,-0.456171448,-4.620799318,0.53780476,-2.246730063,2.445210284
2021/6/5,14.06231393,0.378781151,-7.137663127,2.658710738,-2.760646198,4.209883667
2021/6/6,10.60568121,-0.571241785,-1.774477011,1.842288752,-3.110503458,3.876209273
2021/6/7,11.70822796,-0.55879096,-4.875876543,1.035570582,-2.147209918,1.386707002
2021/6/8,7.282267124,-1.042512507,-4.888170501,0.933351783,-2.207580164,1.626111391
2021/6/9,5.581003316,-0.682146277,-3.624982064,0.394972324,-2.048580038,1.611775294
2021/6/10,2.714007011,-1.322004373,-5.646565871,0.637051127,-2.297122519,1.183744846
2021/6/11,5.354242809,-1.036069222,-3.34685266,0.010543345,-2.426341099,0.981969671
2021/6/12,12.44344386,0.152571011,-4.443397874,2.61451678,-3.284389273,1.635387754
2021/6/13,13.95576314,1.19022626,-4.239821898,1.880173464,-3.172650454,1.900091042
2021/6/14,6.732468135,0.928031418,-4.237917067,0.568205807,-2.306093162,2.187529701
2021/6/15,4.594212789,-0.504091418,-4.118319313,0.659526502,-2.368817695,1.737342365
2021/6/16,5.106841766,-0.748740448,-3.922610837,0.575309767,-1.414555273,2.262444767
2021/6/17,4.659441161,0.495303299,-5.497005335,1.069839224,-1.515256181,1.143655182
2021/6/18,10.53242002,-0.936275747,-3.30354532,0.743465361,-1.90227632,1.355248653
2021/6/19,15.26433945,-0.461663891,-4.297430373,1.277583771,-2.605353053,2.47349041
2021/6/20,12.13817638,-0.810640502,-3.841237864,3.226811704,-2.805635713,1.939675468
2021/6/21,10.30471328,-0.678639131,-4.710815843,0.046391841,-2.226646663,0.823121396
2021/6/22,4.603218927,-0.936024285,-7.377908224,0.778984239,-1.746099409,1.399485362
2021/6/23,3.500883349,-1.381132154,-6.870007951,0.563346081,-1.146172522,1.319171509
2021/6/24,6.722376074,-0.9633652,-2.83294878,0.028897418,-1.551452297,2.126419604
2021/6/25,6.854750163,-1.093153351,-6.536342233,-0.304112542,-1.188386127,1.174532174
2021/6/26,18.33599457,0.78938204,-8.478279621,1.769622578,-2.186781685,2.454505231
2021/6/27,15.76369436,-0.171580193,-5.857470007,1.385040482,-2.088249583,0.998547286
2021/6/28,8.56233426,-0.61599419,-4.711675089,0.639772368,-0.930786329,1.784759347
2021/6/29,3.68951943,-0.359651216,-5.94622307,0.44221042,-1.120632091,0.808005262
2021/6/30,7.348612399,-0.637138735,-3.532017875,1.168579444,-1.182665213,2.127468408
2021/7/1,11.98318894,-0.53612819,-3.963373217,1.089611722,-1.481480086,2.138475098
2021/7/2,11.1306801,-0.255074645,-5.391142468,-0.453936502,-2.234861147,1.892290733
2021/7/3,16.18385699,0.104884452,-7.542275402,2.536768171,-2.479402091,2.576411988
2021/7/4,13.57722774,-0.102591714,-4.665561664,1.690723564,-2.273035493,1.222610618
2021/7/5,13.10094028,-0.908231834,-4.257505206,0.834918832,-2.148414289,1.172330621
2021/7/6,14.16775355,-0.032339328,-5.018145152,-0.103568236,-2.049959633,1.055552648
2021/7/7,10.51758102,-0.327628169,-2.969476086,-0.557286491,-1.792127137,1.33024086
2021/7/8,7.827600148,-1.267467623,-2.750413461,-1.08193273,-1.664854711,2.048004465
2021/7/9,9.419149425,-0.67530946,-1.789373004,-1.243137888,-1.36773591,1.314215147
2021/7/10,12.9469235,0.493076349,-3.96072884,-0.82916073,-1.325332479,2.691679212
2021/7/11,22.53071161,-1.885678317,-3.274560924,-2.417655752,-1.457997032,2.65250185
2021/7/12,11.01640478,0.20288516,-1.931016622,-0.208956154,-1.176694927,2.827202614
2021/7/13,10.55779291,0.332757479,-1.655155722,-0.259597801,-1.335570613,2.046732065
2021/7/14,15.55925096,-1.692137906,-2.94869898,-1.706854856,-2.644880356,2.788858396
2021/7/15,9.934152226,-0.669909381,-2.541412205,-1.625778267,-1.418216837,1.041343864
2021/7/16,22.04496945,-0.427619575,-2.214928914,0.558501296,-0.900885275,2.872446335
2021/7/17,21.82615548,-1.230104484,-2.691867039,-2.838361375,-0.925237827,3.558278477
2021/7/18,17.60225525,-0.680554797,-1.422903562,-1.322261304,-1.499855571,2.253469802
2021/7/19,14.76306754,-0.064764488,-2.505641334,-1.035620504,-0.266563666,2.695665879
2021/7/20,11.80313201,0.632444384,-1.961565815,-0.945227088,-0.773911058,1.564093063
2021/7/21,12.63102676,0.615738034,-1.434324489,-0.737745529,-1.142112449,1.348887626
2021/7/22,12.28236178,0.059112528,-1.730083411,0.205115815,-0.834949869,2.381078811
2021/7/23,9.885369935,-0.935233346,-1.696517282,-0.88590824,-1.418218245,0.972534399
2021/7/24,22.17652096,-0.507939793,-2.062223396,-0.949680679,-1.725900193,2.277233643
2021/7/25,22.56446051,0.626451101,-1.546077942,0.438781923,-1.687836136,2.263209019
2021/7/26,9.604932933,-1.121821814,-1.466299854,-0.062543111,-1.434704713,1.079846471
2021/7/27,15.7168412,0.180333711,-2.049238761,-0.810808117,-1.256767608,1.889582274
2021/7/28,17.39628434,0.451495563,-0.820311977,-0.024380925,-1.197400677,2.067431714
2021/7/29,16.08847173,-0.451540502,-2.121717801,-5.307275621,-1.099051471,1.562910108
2021/7/30,20.25811525,0.112955606,-2.509419495,-1.7303337,-1.158667842,0.99558664
2021/7/31,24.40457048,0.469828252,-4.414816017,-0.981242067,-1.427621437,3.914758796
2021/8/1,25.1992622,2.590000966,-0.038962903,-0.561152321,-1.768966295,3.021384875
2021/8/2,27.56045304,0.34557818,-1.236949461,-0.236800558,-1.932292822,2.898691867
2021/8/3,17.10624415,0.128041468,-1.50040268,1.134418496,-1.293879588,1.466046807
2021/8/4,33.16376179,-0.218892555,-0.846844161,-1.33230979,-1.083433964,3.356139121
2021/8/5,26.13103883,-0.017029971,-1.173891813,-0.999712344,-1.538613429,2.824425438
2021/8/6,12.62890296,0.360028271,-1.529518711,-1.577978654,-1.410287364,2.946074565
2021/8/7,22.14515713,1.201213042,-1.44892473,-0.903827563,-1.304828122,4.135633885
2021/8/8,22.31779126,1.727101578,-0.840031154,-0.218147408,-1.579439627,4.092899221
2021/8/9,18.19131942,2.053531489,-1.700245737,-1.827759204,-1.380382669,2.42142868
2021/8/10,12.6668562,-0.468686534,-2.258796931,-0.673776666,-1.078615266,2.620240312
2021/8/11,15.96622281,-0.87086149,-1.3739211,-0.320835895,-1.530435157,2.447214357
2021/8/12,25.38077706,-1.302968073,-0.943714677,-1.684511426,-1.500314964,3.180130422
2021/8/13,23.45072981,-0.741889826,1.308100149,-0.621634211,-1.892606324,4.286700516
2021/8/14,24.69451238,-0.056286994,0.656914719,-1.096016966,-1.6382743,4.743933904
2021/8/15,30.20934926,-0.49979159,-0.803052122,-1.572777149,-1.489779196,4.19891997
2021/8/16,14.39020819,-0.608127787,0.043804027,-1.057949042,-1.710802281,2.850917188
2021/8/17,19.4945596,-0.426356705,-0.495145595,-0.887357663,-1.716818382,3.616034796
2021/8/18,17.70548815,-0.638819615,-0.752982466,-0.928547219,-1.515949112,2.233112577
2021/8/19,16.50050781,-0.45752047,-1.339499356,-0.798167046,-1.072117643,2.340334854
2021/8/20,18.71160908,-2.989258047,-1.99953845,1.019257856,-0.756683127,2.416525361
2021/8/21,21.28234945,-2.143727216,-2.309301245,-2.521736691,-2.166558546,3.993243229
2021/8/22,24.19942021,-0.844961874,-1.994980938,-1.210448993,-2.790999884,2.502988412
2021/8/23,14.30194433,-0.688985124,0.310511509,0.070652584,-0.732542925,3.148777347
2021/8/24,12.4639617,-0.44167538,-1.988301891,-0.229481503,-1.268269382,3.034964781
2021/8/25,11.47076778,-0.887914027,-0.646923495,-0.318184637,-1.196007521,2.215817582
2021/8/26,21.66511774,-0.710238955,0.788807747,-0.764847995,-1.585745221,5.349245358
2021/8/27,25.10706255,-1.684772356,0.711228903,0.387751971,-1.255276798,4.843365632
2021/8/28,20.11355157,-1.126353911,-1.325776876,-0.32067028,-2.09695637,5.751299512
2021/8/29,17.50301438,-2.523695088,0.108035824,-1.308160655,-1.702416356,5.130075141
2021/8/30,14.99250093,-2.736186489,0.498342909,0.530688433,-1.421606331,4.595167447
2021/8/31,11.30082273,-3.133896978,-0.29045374,0.799949494,-1.506928906,3.589334129
2021/9/1,13.39994009,-0.50505574,0.149806175,-0.164662231,-1.259785575,3.170426926
2021/9/2,11.32414888,0.540720202,0.963872554,0.25713838,-1.313713084,2.798440357
2021/9/3,9.519676637,0.387954583,0.437372406,-0.200976244,-0.878941512,3.370398562
2021/9/4,18.66742324,0.804401451,2.183730977,-0.452730523,-1.778943091,5.621074476
2021/9/5,18.71215671,1.683573591,1.437792047,0.360721995,-1.710233689,4.156408431
2021/9/6,15.02283663,0.902998972,0.539475906,-0.486788512,-1.14176556,2.389074714
2021/9/7,9.561853003,0.2934631,0.690568725,0.47705013,-1.127941378,2.419943281
2021/9/8,12.9073176,-0.127089805,0.770464121,-0.382019617,-0.985285999,2.993958038
2021/9/9,7.531897888,-0.246835874,0.441203518,-0.391252521,-0.723024954,1.575917021
2021/9/10,9.457837596,0.371319871,0.058885992,-1.14920363,-1.208786289,2.433067534
2021/9/11,21.98172994,-0.0529508,1.267553507,-0.058077323,-1.214344144,4.022638102
2021/9/12,25.53517291,0.761498633,0.521932754,-0.383172032,-1.72380262,3.491765176
2021/9/13,8.408854345,-0.328548807,0.473499511,-1.369507706,-1.290961353,1.783151073
2021/9/14,9.758467696,-0.359028232,0.136805639,-0.873893634,-1.024835308,1.923461961
2021/9/15,11.99967046,-0.257693354,-0.191087788,-1.194233905,-1.587857988,1.764948362
2021/9/16,6.316225431,-0.437674626,0.178635971,-1.056611175,-1.373315915,2.302064396
2021/9/17,7.0622623,-0.233425625,0.297810137,-0.029181779,-1.137591787,1.745244312
2021/9/18,5.690192887,0.93321519,0.233529832,-0.462155551,-1.540374864,2.444962941
2021/9/19,16.78767406,1.792429673,0.280545318,0.481516536,-1.743700842,3.489338173
2021/9/20,21.74735654,2.684619728,1.298935549,-0.730118384,-2.407950176,3.182089044
2021/9/21,18.87085023,2.03737055,2.912730569,-0.934032054,-2.953311686,3.322761712
2021/9/22,10.96447783,1.124356459,0.214887659,-0.38506957,-1.363399723,2.468925605
2021/9/23,5.823569821,0.507398136,-1.142085897,-0.069351587,-1.34316721,1.421231509
2021/9/24,6.769146291,-0.48252518,-0.670583439,-1.376407533,-1.129818638,2.533089947
2021/9/25,17.8028911,1.498216357,0.930104399,-0.365062844,-1.595699491,2.714721551
2021/9/26,11.69791756,-0.805322828,0.712842295,-0.749779243,-1.44930025,0.12507312
2021/9/27,6.978993117,-0.670350035,1.271734665,-0.636242784,-0.499038765,-0.127506965
2021/9/28,8.522294714,-0.33235696,0.673099712,-0.456932028,-0.921791065,0.245281283
2021/9/29,7.573369867,0.302096305,-0.153872225,-0.722953497,-1.219770631,0.03308882
2021/9/30,6.988692204,0.890365013,0.277524836,-0.846517778,-1.059759277,-0.063566547
2021/10/1,21.81791816,2.064744128,2.325839001,0.111811791,-2.323115337,-0.258726087
2021/10/2,18.50496287,1.199949646,-0.556917007,-0.36672032,-1.46321945,-0.599686011
2021/10/3,14.97395288,1.267330759,1.211911545,-0.721757496,-0.96636555,0.105831248
2021/10/4,11.8977889,1.17473437,0.270544751,-0.971019658,-1.360403411,0.205760708
2021/10/5,18.19550346,1.765424586,-1.736555178,0.401529514,-1.653447083,0.376880782
2021/10/6,25.94977163,1.262119251,1.324368445,-0.740521255,-1.443196107,-0.607314274
2021/10/7,17.56395236,0.299043098,1.62322888,-0.490879372,-1.180169994,-0.330444466
2021/10/8,10.88083784,0.117166732,0.762556351,-0.712011881,-1.110444694,-0.304619278
2021/10/9,9.839617719,0.243453679,1.004568084,-0.606259025,-0.96711207,-0.000528328
2021/10/10,28.44090645,1.196633231,1.414737104,-1.186437924,-2.689074649,0.419551315
2021/10/11,5.503361827,-0.694354556,0.090761367,-0.601219111,-1.850994114,-0.479457932
2021/10/12,5.072311808,0.040257508,0.284188866,-1.066819885,-1.447791374,-0.547408473
2021/10/13,5.190543906,-0.056286994,1.234696023,-0.641770221,-0.94960486,-0.767839169
2021/10/14,5.158079308,-0.14451414,0.765565949,-1.187278378,-1.245450554,-0.807848483
2021/10/15,19.34020643,-0.358042476,2.464779192,-0.360618339,-1.747638213,-1.617783999
2021/10/16,27.31916437,0.983487818,-0.099224928,-0.458602421,-2.216561895,0.46721878
2021/10/17,11.47361786,0.484183236,1.190887341,-0.526626222,-1.168321082,-0.533511205
2021/10/18,7.624569204,6.607444371,0.813623568,-0.753601603,-1.015896942,-0.302638133
2021/10/19,5.695880758,-0.033651151,1.169688382,-0.936921007,-0.86233054,-0.360911536
2021/10/20,11.43718287,0.397798543,0.367167147,-0.786243145,-1.152813308,0.183315607
2021/10/21,4.794437623,-0.297437683,1.872010774,-0.643782341,-1.122920571,0.09421089
2021/10/22,3.719623223,-0.062393407,0.670092747,-1.079544045,-0.975008543,-0.045290088
2021/10/23,8.760859895,0.025728455,2.174389057,-0.995424057,-1.417834871,0.124517685
2021/10/24,6.936460305,-0.446886888,1.394105787,-0.788408867,-1.31650831,-0.425176838
2021/10/25,2.035783151,-0.465785185,0.716510363,-0.714868852,-0.609124117,0.39072431
2021/10/26,4.884910795,-0.292489383,1.148268935,-0.723419261,-1.107275934,-0.479826279
2021/10/27,1.502085002,-0.120667542,1.212294263,-0.826731869,-0.782635794,-0.483273697
2021/10/28,1.732851215,-0.586860623,1.322032203,-1.001039524,-0.704363939,-0.395221064
2021/10/29,5.040840561,-0.211789971,1.450673547,-0.4796938,-0.665575925,-0.709241926
2021/10/30,6.683622757,-0.016753231,2.4313954,-0.883253379,-0.690497388,-1.814415088
2021/10/31,7.088142829,0.569936232,2.427513067,-1.118959249,-0.91910668,-1.557731748
2021/11/1,5.043027023,0.454967207,1.712804836,-0.829559123,-0.550193339,-0.945040089
2021/11/2,2.827229479,0.434121175,1.441344595,-0.152959583,-0.444028397,-0.979358379
2021/11/3,1.695538918,0.540667561,1.44429058,-1.17049534,-0.392508364,-1.507999057
2021/11/4,4.182665576,0.330680637,1.364089591,-0.681530323,-0.612419771,-2.182433883
2021/11/5,4.182374903,0.971539929,2.595372836,-0.771730142,-0.966071501,-2.717067295
2021/11/6,12.92750175,0.480498332,2.626063503,-0.392224565,-0.748393257,-3.56307402
2021/11/7,18.05350565,0.949691978,2.813899071,-0.062947339,-0.895953594,-3.556003956
2021/11/8,4.707726616,0.563198121,1.604087259,-0.472445428,-0.617373196,-1.271182115
2021/11/9,2.19669812,0.514610021,1.400869508,-0.924439579,-0.589931261,-1.371732013
2021/11/10,3.573090519,0.529507564,1.766254542,-0.955643183,-0.674675667,-1.177560683
2021/11/11,1.427162392,-0.233794116,0.710001278,-1.051617905,-0.614041436,-1.054714185
2021/11/12,3.318577168,0.070421085,1.818116153,-1.114772327,-0.745823949,-0.948634863
2021/11/13,7.38588072,0.12906371,1.248776,-0.818633546,-0.688068362,-0.990788847
2021/11/14,12.40009583,0.683536579,1.889737987,-1.272280789,-0.899982407,-1.679775157
2021/11/15,2.091520634,-0.259009392,0.765363791,-0.968799995,-0.59234418,-0.743086501
2021/11/16,4.008701223,-0.267010899,0.197709311,-1.12067601,-0.762686421,-0.73215639
2021/11/17,1.960245857,-0.095083776,1.019276114,-0.989423637,-0.655991579,-0.865385758
2021/11/18,1.307722308,-0.609549108,0.307938249,-1.103398867,-0.639458159,-0.847459925
2021/11/19,1.327696309,-0.464784996,0.754745971,-1.038257924,-0.472936022,-0.783588452
2021/11/20,7.704607135,-0.167992247,3.336832038,-1.125423709,-0.934962993,-1.048246499
2021/11/21,7.26228134,0.112744847,2.610471365,-0.441708049,-1.23412546,-0.872034002
2021/11/22,0.120845653,-0.412775199,1.680538305,-0.900695152,-0.669412054,-0.606301699
2021/11/23,1.348506259,-0.426514629,1.093486042,-1.015629583,-0.44302994,-0.60296605
2021/11/24,0.754871546,-0.265221088,1.325909965,-1.146322565,-0.753136743,-0.396426381
2021/11/25,1.514108581,-0.38850747,1.503298288,-1.349143177,-0.743396804,-0.315769076
2021/11/26,3.217182628,-0.004540404,1.349563088,-0.963071889,-0.464827013,-0.082005872
2021/11/27,7.769810293,0.290462534,2.698245882,-0.417078512,-0.991472144,0.028320651
2021/11/28,6.936632392,0.222133874,2.45038642,-0.677449824,-0.672922565,-0.579430726
2021/11/29,3.975950786,-0.442991417,1.597492846,-1.02449887,-0.562381615,-0.028260783
2021/11/30,3.164126791,0.428488535,1.406739456,-0.694776081,-0.681808111,0.098016264
2021/12/1,6.885497377,0.049522411,1.004232488,-0.853531748,-0.388246577,-0.151508319
2021/12/2,3.414451065,0.035046,2.004771522,-0.935404624,-0.715082949,0.195297682
2021/12/3,3.70900123,0.165386342,0.208631557,-0.908931687,-0.794154451,-1.435895986
2021/12/4,10.68692957,0.277302161,4.173948787,-0.7358904,-0.936989148,-1.641604101
2021/12/5,12.72825171,0.431541741,3.240693612,-0.745655668,-1.073754397,-1.771682382
2021/12/6,4.867543082,-0.1670447,0.135274298,-0.721080156,-0.85473774,-0.457941559
2021/12/7,4.512911318,-0.050443788,2.275701314,-0.835992823,-0.844560322,-0.726474111
2021/12/8,6.19587524,-0.13361735,1.175775025,-0.845868613,-0.544153771,-0.008563485
2021/12/9,8.000134902,-0.285435422,1.759449232,-1.031879968,-0.80811261,-0.470577729
2021/12/10,5.645233616,-0.177204508,1.818634662,-0.730770164,-0.58314132,0.135522563
2021/12/11,17.62700324,0.676587901,16.35391659,-0.559952991,-1.275030972,-0.572158099
2021/12/12,9.155994214,-0.102190378,3.716858341,-0.562656882,-0.843626415,-0.316151575
2021/12/13,3.427432081,-1.111719209,0.464560726,-1.220032402,-0.653576917,-0.139418989
2021/12/14,4.58826637,-0.234583738,1.962851462,-1.0919643,-1.006768262,-0.878151975
2021/12/15,4.27592793,0.030624114,-0.263571825,-0.906692727,-0.536566278,-1.038968828
2021/12/16,0.822433433,0.430120421,2.287746269,-0.832592481,-0.944252766,-1.174430231
2021/12/17,5.005257398,0.879205016,2.624528722,-1.271447889,-0.766968,-0.57111741
2021/12/18,10.70057657,1.297336412,5.170732158,-1.081423662,-3.462644575,-0.477814743
2021/12/19,16.60775864,1.765371945,5.519228143,-0.982856139,-0.73734745,-0.507470427
2021/12/20,4.214190959,0.384480245,2.876090568,-0.996384452,-2.539939838,0.112076511
2021/12/21,5.527745008,0.031834869,2.223843308,-1.031238368,-0.909512317,-0.975981297
2021/12/22,6.874160706,-0.165254889,1.919623235,-1.273739989,-0.916133799,-0.577386154
2021/12/23,2.469805342,0.265507254,1.204539992,-0.896737659,-1.296515968,-1.222399967
2021/12/24,0.299751498,0.66000583,1.168104488,-0.696771291,-1.02573329,-1.193051656
2021/12/25,15.20045035,0.819351636,4.010121967,-0.622562876,-1.366155203,-0.08344995
2021/12/26,20.60410864,0.573831703,6.109544,-1.12803639,-0.566552277,-0.120155915
2021/12/27,-3.110860217,-0.12551056,2.536657378,-1.091490975,-0.303139042,-0.009476795
2021/12/28,-0.04772387,0.344683274,1.886114997,-1.036541254,-1.057835175,0.921411039
2021/12/29,4.116748741,0.376478737,2.052136621,-0.959365084,-1.038612541,0.434500188
2021/12/30,0.420184881,0.002829405,2.796496778,-0.952430937,-0.749260975,0.27142986
2021/12/31,7.178954622,-1.594454771,3.404387212,-0.879152853,-1.590347318,-0.054144258
2022/1/1,5.835238124,1.088349676,5.9709223,-1.024732045,-0.907319551,-0.038124944
2022/1/2,1.623657094,0.474181352,1.671324398,-0.66693973,-1.130927433,2.068546301
2022/1/3,0.486034767,1.07545251,2.708817915,-0.807085422,-1.19098089,-0.450246622
2022/1/4,-2.125521918,1.456050519,1.935653876,-0.939221877,-0.697129846,0.550068964
2022/1/5,-1.356724884,1.162890033,1.751430173,-0.837038748,-0.865420422,0.129956443
2022/1/6,-1.640114573,0.963326125,1.7319393,-1.126916112,-1.001010145,-0.072601668
2022/1/7,-1.109844227,0.74944373,2.60219237,-0.341850081,-1.01738889,-1.559479128
2022/1/8,1.431434216,1.35218885,2.995723266,-0.613411282,-1.467758515,-0.745779832
2022/1/9,8.056724791,5.031903853,2.360338839,-0.777002087,-1.636368521,-1.600350506
2022/1/10,-1.794342308,0.925318966,1.614443061,-1.011576884,-1.296278188,-1.007860184
2022/1/11,0.806609685,1.940826048,1.207635572,-0.675364305,-2.00412435,-0.190295055
2022/1/12,2.33007915,0.916475194,1.175048754,-0.741482348,-0.837896965,0.365010748
2022/1/13,-2.831295946,0.222081232,1.58944628,-0.944466608,-1.03285534,0.082159654
2022/1/14,2.505420999,0.305728568,1.020458564,-1.192319952,-1.334903519,-0.455670115
2022/1/15,3.651492553,1.049710819,1.902704479,-0.722311828,-1.815470392,-1.190604665
2022/1/16,11.10720915,2.127229582,2.76806599,-0.732654619,-1.802580041,-0.812433753
2022/1/17,2.138224685,-0.30754485,1.690267533,-0.873923217,-1.345430348,-1.117075908
2022/1/18,-1.958058807,-0.441464814,1.607435294,-0.985339236,-1.613818172,-1.220072553
2022/1/19,-2.365242341,-0.07234265,2.42432986,-0.843292506,-1.335679343,-2.402884269
2022/1/20,6.890036268,0.774922214,2.794649351,-0.871551517,-1.12432911,-2.778265267
2022/1/21,7.747815262,0.759814105,3.248068943,-0.766096223,-1.001743058,-2.322716442
2022/1/22,22.83844485,2.471189111,3.809977457,-1.337858953,-1.368688169,-2.600690966
2022/1/23,11.37109017,2.864930252,4.482764398,-0.660211246,-1.394779106,-3.198183939
2022/1/24,5.233345288,0.239505567,1.796513427,-0.251991816,-0.981472714,-2.738836996
2022/1/25,2.679133186,1.646612732,5.061942019,0.205947805,-1.690071363,-2.639325331
2022/1/26,1.992965963,0.769605423,4.424106503,0.206486645,-2.026565992,-2.466030209
2022/1/27,0.771524234,2.128282412,5.629131268,-0.581110048,-2.050809735,-2.76133563
2022/1/28,6.968221576,3.561499758,9.32915524,1.581648084,-4.68069809,-6.300726555
2022/1/29,32.31777458,3.859134772,6.386744686,2.793479156,-10.12253336,-7.429376125
2022/1/30,40.05808447,4.015901999,11.02260147,0.743543077,-9.134625276,-5.283493432
2022/1/31,-4.801301097,-0.926345625,-1.007075797,-1.151206984,-0.092639863,-0.216338601
2022/2/1,12.63607493,-0.191049221,1.419831387,-0.694617311,-1.884736587,-1.56765326
2022/2/2,12.12624612,1.112406839,2.008340437,-0.381600065,-2.809848568,-4.470922125
2022/2/3,8.49934422,0.45438815,0.174346753,1.369587017,-4.663625286,-1.522976438
2022/2/4,24.26503751,1.602341234,2.803466248,0.842908789,-3.329429712,-1.652981103
2022/2/5,25.77785377,1.477528249,-0.732818396,1.013890884,-1.446552844,-2.965411682
2022/2/6,27.45643091,1.852283053,4.377461634,0.075873322,-1.637301597,-2.346945799
2022/2/7,5.704274609,1.34481904,1.926624236,-0.347405098,-0.801565439,-2.625128482
2022/2/8,12.32218254,-0.034296663,1.133533799,-0.053430755,0.404004501,-1.280016683
2022/2/9,0.995860668,0.403115334,1.063035918,-0.823825756,0.095689288,-1.372547038
2022/2/10,1.287161784,0.287409328,1.008986021,0.401630413,0.979802909,-1.55407973
2022/2/11,3.361383276,0.388744206,2.182527054,0.17240278,-0.203655,-1.860162715
2022/2/12,8.127052581,0.941427263,2.266349296,0.111338921,-0.01939021,-1.98783731
2022/2/13,3.199399212,1.067819493,2.195649416,0.04249902,-1.329368564,-3.384062315
2022/2/14,-11.72508746,0.955798391,1.075025327,0.288278329,-0.968395243,-1.820167167
2022/2/15,4.093462429,0.681694126,2.363491347,-0.474923448,-0.486858127,-2.359805765
2022/2/16,-10.16869892,0.22518708,0.596747475,-0.620469115,0.05993505,-0.733185721
2022/2/17,-6.349652974,0.160438041,1.379926566,-0.127474287,0.303461223,-1.901979046
2022/2/18,-3.389257023,0.358159497,1.060944284,-0.316254656,-0.865428308,-1.732019232
2022/2/19,6.404569116,1.68809423,1.310616511,0.199201841,-0.006676609,-1.934875133
2022/2/20,10.74581636,0.318080443,1.176635569,0.110126072,-0.499283261,-1.529127533
2022/2/21,-3.850088171,0.549985105,0.590752807,-0.251093525,-0.225422975,-0.789391529
2022/2/22,-0.258919694,0.203867275,0.539627692,-0.204272619,0.166246166,-1.042641736
2022/2/23,-2.241345513,0.589518868,0.04095836,-0.706126925,0.248017042,-0.882558365
2022/2/24,-7.145991547,0.896313502,0.206792764,-0.727359193,0.040154165,-1.410879687
2022/2/25,2.764279285,0.424856271,0.144663683,-0.484802652,-0.150208264,-1.552834435
2022/2/26,3.698230737,0.613102258,1.498914051,-0.352904966,-0.173758539,-2.113224935
2022/2/27,6.891586556,0.867255396,1.018657125,-0.788427828,-1.400622826,-0.585012523
2022/2/28,0.584850009,0.262404618,0.701472742,-0.532131829,-0.159773775,-0.818684187
2022/3/1,-0.702996054,0.281460839,-0.697072252,-0.929354925,0.75487435,-0.804011451
2022/3/2,-3.747058474,0.06884184,0.415037078,-0.844768795,0.035341081,-0.895248542
2022/3/3,-0.905357084,0.225450288,0.693309909,-0.947202872,-0.319014075,-0.624643678
2022/3/4,-1.746063017,0.132748615,0.298732046,-0.705586702,0.730247275,-1.359762974
2022/3/5,1.008732458,0.614418295,1.707526613,-0.727960371,1.880918227,-1.238497575
2022/3/6,12.85510435,0.643846479,1.884838084,-0.111523285,-0.250999664,-1.521467027
2022/3/7,2.079974026,-0.8930762,0.495499292,-0.495248483,0.763347801,-0.851132368
2022/3/8,-0.606983822,-0.139302632,-0.59255116,-0.683821446,1.878615615,-0.054955482
2022/3/9,-1.594094204,-0.132301313,0.048568821,-0.813354724,0.360963608,-0.331395059
2022/3/10,-3.005105921,-0.032966812,0.013339751,-0.700988167,-0.181403865,-0.178408049
2022/3/11,-4.255681744,1.653292985,0.811456181,-0.684561862,0.353313166,-0.130908151
2022/3/12,5.522789643,4.725216657,1.283979897,-0.237581761,0.535239594,-0.290599037
2022/3/13,-2.415645421,0.673587336,0.723935878,-0.135782446,0.232696085,-0.219112918
2022/3/14,-3.309724008,-0.445886699,-0.065281223,-0.632910198,1.534412692,-0.589347834
2022/3/15,-6.742683128,-0.519900642,-0.117265583,-0.466442303,0.594063737,-0.330872771
2022/3/16,-7.424911167,1.218204677,0.029297169,-0.676744965,0.294184453,-0.147520955
2022/3/17,-9.171192647,-0.251850148,0.843984766,-0.459220128,0.420357091,-0.30582174
2022/3/18,-5.009834312,-0.164465266,0.631689723,-0.735428947,0.419283648,-2.287225243
2022/3/19,-3.769585513,0.352737423,1.804805492,-0.853657593,-0.065424972,-1.986049719
2022/3/20,0.724427671,-0.044653224,1.48841898,-0.647256085,-1.147404127,-0.118807302
2022/3/21,-3.710154162,-0.209736952,0.551288883,-0.015887756,0.077930567,-0.660822726
2022/3/22,-0.97895036,-0.071500386,0.668821409,-0.116934569,1.148419801,-0.235360635
2022/3/23,-1.295330624,-0.524954225,-0.177351402,-0.365706439,-0.341597367,-0.753580858
2022/3/24,-7.516515054,-0.520427056,0.03009504,-0.273508496,-0.059852344,-0.331716756
2022/3/25,-13.94179693,-0.230646931,0.708158876,-0.746663494,0.942335533,-1.405649037
2022/3/26,-2.515194868,-0.046864166,0.906941003,0.002038313,1.151467122,-0.66348825
2022/3/27,-1.348185944,-0.311492962,0.911661611,0.071788736,0.796929026,-0.075486719
2022/3/28,-10.39549723,-0.816377542,-0.450370687,-0.455683718,2.111258064,-0.207406967
2022/3/29,-4.497268819,-0.926345625,-0.127376679,-0.652560299,1.32012647,-0.365178136
2022/3/30,-3.835713546,0.668691677,0.406828597,-0.782327113,0.686438746,-0.291248011
2022/3/31,-8.327827587,0.394797978,-0.009679464,-0.928280544,0.162812752,-0.368882274
2022/4/1,-4.40527115,0.426593441,0.09604291,-0.506720288,1.475623752,-0.239209981
2022/4/2,-3.000756892,0.450913812,0.496026988,-0.410880638,2.099936549,-0.417499356
2022/4/3,-7.681656361,-0.061024729,1.370027208,-0.15357305,2.42234423,-2.032040973
2022/4/4,-4.273102291,0.243558962,0.94212289,-0.64613932,2.065222729,-1.5616654
2022/4/5,-4.844156483,0.192180863,0.32536866,-0.358045105,0.271834641,-1.671600331
2022/4/6,-7.273281704,-0.739139751,-0.776491097,-1.06707288,0.721238229,-0.937224804
2022/4/7,-5.687395331,-0.373925776,-0.606114966,-0.935080976,-0.094293914,-0.130233331
2022/4/8,-5.944420439,-0.366819174,-0.690198287,-0.810935435,1.659730036,-0.644095507
2022/4/9,-7.369738255,-0.105612075,-0.35239201,-4.13E-05,0.351949406,-1.690711515
2022/4/10,-9.609616639,-0.518005548,0.074775812,-0.196321779,-0.458824634,-0.278687516
2022/4/11,-4.502047805,-0.590334962,-0.943859869,-0.836063026,0.019647847,-0.153438289
2022/4/12,-2.701142872,-0.590756094,-0.544433405,-0.042221684,0.606848603,-0.432688248
2022/4/13,-2.371971084,-0.410616898,-0.724138489,-0.524372385,-0.454689542,-0.639672437
2022/4/14,-6.1822637,-0.608022504,-1.276111897,-0.413108978,-0.145422427,-0.744014812
2022/4/15,-0.115406875,-0.361502383,-1.652562036,-0.561824265,1.116847316,-0.336846529
2022/4/16,-5.865313075,-0.259588448,-0.46528326,-0.175697187,-0.038492653,-0.242514503
2022/4/17,1.445177508,0.139855217,-0.411679957,-0.321648661,0.776822468,-0.428157351
2022/4/18,-10.71051568,-0.290067874,-0.821478743,-0.046240031,0.333204605,-0.194347373
2022/4/19,-6.721364903,-0.5121097,-1.450328251,-0.363967107,1.846706823,-0.074421022
2022/4/20,-8.280051388,-0.325548242,-0.87696146,-0.34576893,-0.467557645,-0.245204812
2022/4/21,-8.236007606,-0.487262915,-1.331242886,-0.926332581,0.782541446,-0.482642828
2022/4/22,-3.682913771,0.059419012,-0.586475066,-0.38590404,0.650913838,-0.640353655
2022/4/23,-2.05199072,-0.555853323,-1.032181949,-0.782204547,-0.575810513,-0.212174572
2022/4/24,-3.443264926,-0.104980377,-0.729662211,-0.404243974,-0.911964764,-0.203094376
2022/4/25,-5.324031917,-0.040231338,-0.827677586,-0.337862843,-1.345450383,-0.650261378
2022/4/26,-2.439763735,-0.469035554,-0.767960016,-0.883321697,-0.685820707,-0.001176181
2022/4/27,-0.67573634,-0.445307643,-0.918021126,-0.210780533,-0.742620742,-0.428026761
2022/4/28,-2.499113413,-0.336655597,-0.939256767,-0.929952008,-1.340751054,-0.508371613
2022/4/29,-4.054166726,3.15409877,-1.856003009,0.301533243,-1.474005573,-0.092000021
2022/4/30,7.315085672,0.564408875,-0.441201182,-0.070820302,-2.069970682,-0.134919677
2022/5/1,6.470265168,0.299938004,-1.475258189,-0.279133662,-1.95100253,-0.781937052
2022/5/2,2.652517755,-0.203367331,-1.115141088,0.912421837,-2.158158273,-0.374403946
2022/5/3,4.156729768,0.526612282,-0.831053194,1.26867295,-1.456826611,-0.060806151
2022/5/4,3.707747096,0.451914,-1.202503232,1.06113934,-1.947656448,-0.522141168
2022/5/5,2.153111625,0.062788068,-1.15331238,-0.091435997,-1.595343068,-0.401082712
2022/5/6,3.514881712,0.152173327,-1.274567942,0.465062039,-2.137608759,-0.209587655
2022/5/7,7.271811754,0.304149323,-1.011182076,-0.376250395,-5.247416095,-1.069093527
2022/5/8,2.361795114,1.316550557,-1.249974189,-0.934472524,-3.898761361,-0.478307419
2022/5/9,5.371816945,0.604837543,-0.983030532,-0.089144619,-3.49131135,-0.720663122
2022/5/10,5.929597987,0.265352541,-1.130779961,-0.74469382,-2.799288334,-0.136029582
2022/5/11,4.880566367,0.087582212,-0.993389241,-1.011051397,-2.075307263,-0.290056604
2022/5/12,0.329320673,0.36810874,-1.003573699,-0.330516493,-1.814783545,-0.611930811
2022/5/13,3.709338367,0.231398777,-1.751489958,0.948968689,-3.77048174,-0.703153559
2022/5/14,11.27308691,1.62787236,-1.522782611,0.503209219,-3.64439833,-0.309944354
2022/5/15,3.380628018,1.378351673,-0.86169972,-0.427618088,-2.664457495,-0.936618882
2022/5/16,1.23174737,0.317730829,-1.520615739,-0.350204497,-1.753291527,-0.407204868
2022/5/17,2.307593844,-0.128142635,-1.207984315,-0.618912603,-2.01083124,-0.537381337
2022/5/18,1.559581114,0.139118236,-0.950242836,-0.590497982,-1.079612802,-0.391725185
2022/5/19,0.921568531,0.000302613,-0.835779045,-0.359314232,-1.010752268,0.120202428
2022/5/20,0.871145968,-0.194207711,-1.204573857,-0.402128173,-1.115713151,-0.333555572
2022/5/21,7.237328456,0.468338146,-0.738561541,0.932719291,-1.333583409,-1.019227266
2022/5/22,4.617487604,0.328996109,-1.000193506,-0.304246094,-1.659314682,-0.424043857
2022/5/23,4.737260188,-0.117719619,-0.754457585,-0.347187385,-0.75117935,-0.037438055
2022/5/24,7.0484197,0.5286653,-1.029920793,0.016296398,-1.017780199,-0.52512209
2022/5/25,2.86768301,0.103427302,-1.702293566,-0.599098007,-0.808361697,-0.591878376
2022/5/26,6.640726055,0.390270809,-1.425137689,-0.384771948,-1.037422125,-0.889942228
2022/5/27,5.416387302,0.051101656,-0.796510917,-0.235194258,-0.898152728,-0.203961916
2022/5/28,8.112068676,0.922107834,-1.640873476,2.158625318,-1.448187736,-1.801696925
2022/5/29,8.731986966,1.305811692,-1.653117863,0.50517427,-1.996411947,-0.8925355
2022/5/30,5.736492086,0.3547378,-2.739810746,0.387483007,-1.452578698,-0.476596435
2022/5/31,3.434189507,-0.091767362,-1.467043689,-0.195554688,-0.743260507,-1.766946888
2022/6/1,2.375768098,0.244085377,-1.039678952,-0.793341913,-2.242666232,-1.346331003
2022/6/2,3.12587544,0.158332382,-2.83733735,-0.16502487,-1.966280238,-1.237680377
2022/6/3,7.707294557,0.625999424,-2.29397168,1.141485147,-2.956395205,-2.540228008
2022/6/4,3.535540307,-0.194734126,-1.604275964,0.328855507,-1.617983691,-1.614157319
2022/6/5,6.070953993,0.230188023,-1.621848848,0.007456139,-1.94783841,-1.818236268
2022/6/6,8.142181234,0.300674984,-2.28638454,0.325752242,-1.996492311,-0.94172043
2022/6/7,5.266745195,0.174335396,-1.236607144,-0.709280838,-2.111421953,-1.600892601
2022/6/8,5.226243355,-0.029018699,-1.316326336,-0.50147544,-2.225305048,-1.514831597
2022/6/9,2.416697242,0.207131048,-1.743191464,0.717669798,-2.154417354,-1.095426799
2022/6/10,4.387969138,-0.238952982,-2.748804084,-0.029455298,-2.076688322,-1.00099976
2022/6/11,9.097773582,0.899840482,-3.001661828,0.395672238,-2.362958094,-1.445624979
2022/6/12,10.70871945,0.637001497,-4.226790741,1.099058295,-2.262981423,-1.998124668
2022/6/13,6.729171551,0.317994036,-1.721155724,0.410275683,-1.268475956,-1.929220422
2022/6/14,3.320400215,0.31530932,-1.390973379,-0.326820371,-1.250151296,-0.788492451
2022/6/15,3.929030943,0.070210519,-2.251823921,-0.226896978,-1.41782591,-1.099454703
2022/6/16,2.098713487,0.025359965,-1.446864054,0.146234104,-1.575335414,-1.42968889
2022/6/17,3.726738236,0.510819833,-0.960021135,0.339640041,-1.882582688,-1.565439112
2022/6/18,7.605390192,0.64416074,-1.825670729,0.037419659,-2.404012029,-1.87281802
2022/6/19,7.102042967,0.755865993,-2.972844334,0.164525599,-2.789423303,-2.446594806
2022/6/20,3.55762628,0.443386078,-1.610485503,-0.331171158,-1.46354684,-1.349108943
2022/6/21,3.62941055,0.232504248,-1.581768951,-0.485278753,-1.407917043,-1.519499585
2022/6/22,3.838037777,0.308044794,-1.276007894,-0.376809787,-1.607080433,-2.032890665
2022/6/23,1.456636876,-0.158674702,-2.258837298,-0.379512389,-1.009550157,-1.938669552
2022/6/24,2.914482355,0.002250349,-0.899475224,-1.279607492,-0.978403583,-1.639403759
2022/6/25,9.069557217,0.254192544,-2.124964961,-0.218985451,-1.117783378,-3.167016422
2022/6/26,6.716773252,0.985593478,-2.558839336,-0.440185181,-0.900916346,-3.710897377
2022/6/27,3.461248501,0.219765006,-1.897928173,-0.817639485,-1.074231177,-1.556564696
2022/6/28,4.309387768,0.300569701,-1.816797415,-0.850667616,-0.867485196,-2.387625927
2022/6/29,4.926447658,-0.106978426,-2.138553892,-1.126287796,-1.108970511,-2.345578177
2022/6/30,4.638423932,0.220716865,-1.528650832,-0.212919394,-0.657383823,-2.313465785
2022/7/1,2.604226557,0.200865136,-1.48122292,-1.435230602,-0.701358675,-2.553646501
2022/7/2,10.52165213,0.751527101,-2.179607744,0.144498575,-0.737551105,-3.324952319
2022/7/3,8.29924672,0.813074763,-1.715710131,0.150999527,-0.885002445,-2.575276207
2022/7/4,4.75165255,0.545247371,-1.565642568,-1.241213795,-0.38788178,-2.898219194
2022/7/5,5.090547153,0.007781038,-0.576682112,-0.600573594,-0.204614794,-2.956892571
2022/7/6,8.779996508,-0.362404631,-1.541860955,-1.336164969,-0.461510015,-2.133008119
2022/7/7,5.683795447,0.449989969,-2.086657002,-0.717626364,-0.845750572,-2.154705447
2022/7/8,6.927771281,0.454930558,-0.756075796,-0.985805982,-0.272719913,-2.729604511
2022/7/9,13.80253943,1.41804336,-0.719649764,-0.230121399,-0.902664049,-3.037420974
2022/7/10,10.74766258,0.977510693,-4.223860031,-0.351966624,-0.487461162,-4.153006054
2022/7/11,4.459365386,0.280460441,-1.60796328,0.041444417,0.410736864,-2.795310671
2022/7/12,3.783269092,0.427302723,-0.744873316,-0.308312043,-0.446294787,-2.267082557
2022/7/13,6.592163048,0.758261905,-0.983156102,-1.032519662,0.971348688,-3.631215001
2022/7/14,6.455823432,0.865202378,-3.289884741,-1.487697447,-0.06936773,-2.807564753
2022/7/15,5.669264817,0.662374697,-1.093861502,-0.457476955,0.33767002,-2.96133569
2022/7/16,14.38060608,2.217088614,-1.969831664,-1.017612422,0.25791191,-6.426871268
2022/7/17,10.7536822,1.859095911,-3.757161376,-0.934123229,-0.086861828,-3.668133575
2022/7/18,4.64374412,1.347240549,-3.759378926,-1.035202485,-0.65762586,-2.127152246
2022/7/19,5.314624364,0.784068563,-0.904785836,-0.905596441,0.674669551,-1.273728377
2022/7/20,8.587156805,1.378141107,-0.789480266,-0.727438542,1.895902758,-2.469035046
2022/7/21,7.173798928,1.081769489,-2.343390087,-0.288721014,5.793707573,-1.584191184
2022/7/22,4.532041609,0.845303893,-0.784724002,-0.898299545,2.126224534,-2.539942368
2022/7/23,11.70572097,1.467263158,0.33937411,-1.246290027,4.639187096,-3.619483675
2022/7/24,9.024686087,1.493057491,-1.941899399,-0.717021109,1.021031993,-4.27403912
2022/7/25,7.025544112,1.008108957,-1.685892616,-1.170038676,3.806170223,-3.49645537
2022/7/26,8.456636341,1.132308765,-0.844694316,-0.462901018,1.969834611,-1.788699275
2022/7/27,5.31258111,0.580685287,-2.081048698,-0.590437561,4.055191633,-2.435480336
2022/7/28,6.388363435,1.007306005,-0.865562116,-0.180935223,1.558279082,-2.043850187
2022/7/29,-43.14715567,0.288595917,-2.749348089,-0.490726257,4.639006316,-3.081987155
2022/7/30,-37.9235309,1.13245969,-0.517854592,-0.333354167,5.290547518,-3.844797351
2022/7/31,-30.37422183,1.605538249,-3.495009818,0.170664603,7.005799149,-5.247449961
2022/8/1,-34.56000637,2.147967911,-3.560421279,-0.642258311,0.26842051,-1.607329587
2022/8/2,-29.15702637,1.225398899,-1.306679859,-0.369093691,3.094161421,-2.890407439
2022/8/3,-38.97779021,1.174012175,-1.59386522,-0.949109294,3.1923852,-5.098494097
2022/8/4,-39.06846489,1.259109484,-1.450786214,-0.693462936,5.435397189,-4.132864691
2022/8/5,-37.11344863,1.308847274,-0.705909714,-0.925483949,6.56121779,-3.661462555
2022/8/6,-43.91231627,2.313409321,-0.066025351,-1.942622263,5.198598424,-2.913306286
2022/8/7,-31.92692646,2.321784049,0.186896236,-3.716499219,8.646161211,-5.450843717
2022/8/8,-36.6795865,1.671035019,-0.358829482,-2.439492043,4.766885079,-4.229345231
2022/8/9,-32.7303512,1.662134705,0.476599387,-4.16260586,5.506225332,-3.388719685
2022/8/10,-29.99686996,1.615753813,-0.341189697,-3.227950182,6.080639386,-3.146511406
2022/8/11,-34.84973154,1.593568349,-0.302649892,-3.110002921,3.787589963,-3.435043215
2022/8/12,-34.05822554,1.700907464,0.278322896,-3.359667322,4.345430964,-1.413288728
2022/8/13,-44.54188226,2.445080077,-0.04811857,-4.172246387,7.052993215,-4.612410771
2022/8/14,-40.52534776,2.684441784,1.23111072,-4.961679992,5.555838212,-4.224279272
2022/8/15,-39.84571854,1.500855172,-0.355284251,-3.777106205,6.476704255,-3.016868337
2022/8/16,-40.62699765,1.46606621,0.224822295,-3.309470407,6.638220058,-2.542615197
2022/8/17,-45.39297427,1.719528085,0.761200807,-3.753792479,4.70065556,-2.137129726
2022/8/18,-29.88532386,2.509682285,0.831265577,-3.947978445,9.957961066,-4.293711812
2022/8/19,-26.65569571,6.571610758,2.655324775,-14.40104811,13.66426482,-5.611046105
2022/8/20,-47.04776773,2.527181526,2.328172571,-1.515683656,4.830347434,-2.768654256
2022/8/21,-39.2442808,1.146375784,1.464099976,-3.82759366,7.963302721,-2.652114739
2022/8/22,-35.52323101,0.060090373,-1.033600791,-1.040171145,3.905239613,-2.024651829
2022/8/23,-28.47964779,0.373103326,-0.228588771,-2.38763615,3.197337563,-2.806499924
2022/8/24,-27.40751077,-0.706372902,0.2433972,-2.38027978,2.534648798,-4.014579905
2022/8/25,-17.46153305,0.361152551,0.718578154,-2.984647654,2.70040139,-2.16842101
2022/8/26,-24.47204831,0.278231571,-0.211020983,-2.129811923,4.215984119,-5.068248134
2022/8/27,-15.39673222,1.299782998,1.757698353,-4.537577378,7.127095947,-2.031656595
2022/8/28,-15.32991964,1.791195976,2.34658127,-2.685194246,10.64543869,-3.091425243
2022/8/29,-38.3838521,0.881283078,0.504828036,-2.213960417,3.257259101,-4.511427467
2022/8/30,-26.68780454,-0.001633157,0.682451187,-1.074302878,2.304898212,-0.515038809
2022/8/31,-33.49367614,-0.409004244,0.39069754,-1.128479139,1.551836658,-0.216338601
2022/9/1,-43.01497438,0.272435322,0.424338301,-3.349962976,5.098403232,-1.745474249
2022/9/2,-43.96926945,0.013509667,1.186998942,-1.750625734,4.517944233,-1.307829238
2022/9/3,-60.60785328,0.476175692,2.285009358,-3.265481081,6.790348717,-1.864311475
2022/9/4,-63.75388808,0.262475211,2.810319457,-3.940778891,8.970627173,-0.505198717
2022/9/5,-41.15398926,0.025031204,0.015120062,-3.615901555,6.780894655,-0.440672444
2022/9/6,-36.36614613,-0.115229526,0.04270132,-2.832857393,4.20432777,-0.609380619
2022/9/7,-39.49687785,-1.42390382,0.069977893,-3.337241225,1.762633811,-1.087619046
2022/9/8,-24.80409572,-0.496866106,0.245231236,-1.767957028,3.344442661,-1.709346397
2022/9/9,-45.33875549,-0.021048667,1.264485926,-0.852834224,9.223126161,-2.202276488
2022/9/10,-52.87340252,1.02265283,3.500769876,-1.112518607,5.563022696,-2.414322165
2022/9/11,-51.61484968,0.094371516,1.485950246,-1.823740064,2.934621812,-1.039031487
2022/9/12,-42.50951583,0.223846191,-1.570715572,-1.151206984,6.271737783,-4.410693262
2022/9/13,-27.92480931,-0.089090659,-1.288895684,-1.151206984,3.016269244,-2.531454552
2022/9/14,-30.701306,-0.168286317,-1.478280933,-1.151206984,1.946308609,-2.080179495
2022/9/15,-33.89035373,-0.265069075,-1.40604358,-1.151206984,3.555772006,-5.299836697
2022/9/16,-27.29890767,-0.176554708,-1.231628513,-1.151206984,5.619715781,-2.698723997
2022/9/17,-51.42538768,0.623503989,-1.693182096,-1.151206984,8.931460136,-4.41724508
2022/9/18,-50.32914964,0.500852873,-2.111544508,-1.151206984,9.592028345,-3.590900147
2022/9/19,-32.04634098,-0.015934186,-1.081926702,-1.151206984,2.972221925,-3.510599782
2022/9/20,-35.22589406,-0.254950713,-1.084611461,-1.151206984,2.808625318,-3.167428333
2022/9/21,-28.90852299,-0.214505776,-1.18671797,-1.151206984,4.083224105,-2.059959667
2022/9/22,-36.76356552,-0.186672978,-1.201688151,-1.151206984,3.798492488,-2.498896367
2022/9/23,-34.69796093,-0.608239242,-1.366360143,-1.151206984,2.090525212,-4.13834863
2022/9/24,-45.4475704,-0.158936964,-1.635823402,-1.151206984,5.935762045,-4.514930777
2022/9/25,-54.18311954,0.422421935,-1.05198634,-1.151206984,5.842177034,-4.009493171
2022/9/26,-28.41361583,-0.103828268,-0.231962852,-1.151206984,2.248434573,-3.151048014
2022/9/27,-22.95856409,-0.763370303,-0.263637433,-1.151206984,2.265242041,-1.444413637
2022/9/28,-21.60857778,-0.423772038,1.517087737,-1.151206984,2.043053465,-3.303543627
2022/9/29,-23.83145246,-0.807263271,0.423006838,-1.151206984,4.424518685,-2.185254971
2022/9/30,-23.01201478,-0.575811135,-0.405042305,-1.151206984,5.425110991,-3.0789807
2022/10/1,-30.01114352,0.402374233,2.533378525,-1.151206984,6.229219458,-7.585938639
2022/10/2,-27.8242856,-0.229871491,1.836093926,-1.151206984,5.034539124,-4.488572146
2022/10/3,-38.70606086,-0.617168025,1.179975381,-1.151206984,3.266891834,-6.287800773
2022/10/4,-44.950152,0.37459426,2.075405852,-1.151206984,3.780972679,-4.973587603
2022/10/5,-51.73838329,1.162161065,2.383697684,-1.151206984,4.690373882,-2.518961561
2022/10/6,-48.06067838,0.478195293,3.184605895,-1.151206984,5.787447895,-6.854505923
2022/10/7,-72.80569117,0.815822127,2.066746779,-1.151206984,3.180789287,-4.539584372
2022/10/8,-54.69917819,0.143171422,2.229162099,-1.151206984,1.72606379,-4.577542005
2022/10/9,-51.0753328,0.09052481,1.473148704,-1.151206984,2.98471752,-3.462052296
2022/10/10,-46.78867285,0.001402475,0.532213376,-1.151206984,6.43168994,-6.39271773
2022/10/11,-42.52690605,-0.285390869,1.276851484,-1.151206984,4.25524383,-4.253514386
2022/10/12,-41.58369003,-0.333902875,0.318429614,-1.151206984,4.90763842,-5.125135842
2022/10/13,-26.50119675,-0.286514477,1.34155089,-1.151206984,1.978932364,-3.834268416
2022/10/14,-24.38778828,-0.660150529,-1.06805078,-1.151206984,0.914946977,-3.922464379
2022/10/15,-62.95742466,0.654567705,3.187631153,-0.467785645,4.108967781,-7.584227258
2022/10/16,-61.23192133,0.37784724,3.302349392,-0.98207657,2.838496387,-8.217073263
2022/10/17,-45.45599968,-0.372137154,0.312972509,-0.769038576,2.439129679,-3.580784705
2022/10/18,-45.8088251,-0.319195853,0.743009214,-0.680717023,2.965213195,-7.373678755
2022/10/19,-26.84920148,0.323706354,0.593321594,-0.288708202,1.821236926,-4.294051248
2022/10/20,-41.51346561,-0.031104825,0.680096453,-0.839410093,3.132557048,-3.64636839
2022/10/21,-92.73400184,1.263751648,1.571847515,1.406414771,10.29315996,-10.08701906
2022/10/22,-43.46566431,-0.169207665,2.303267559,-0.623785397,3.493582855,-6.412420896
2022/10/23,-41.00487632,-0.126644601,1.607871384,-0.184112649,1.857573154,-5.39020444
2022/10/24,-32.73298987,-0.407577406,0.760725528,-0.937439406,1.962131769,-2.731760567
2022/10/25,-36.12891592,-0.298751552,0.210967779,-0.875557573,3.508534021,-4.050075152
2022/10/26,-36.9100505,-0.858123311,0.026485955,-0.848762009,2.926015603,-4.644974155
2022/10/27,-33.19996572,-0.181272866,0.39071851,-0.998724309,2.920779557,-4.389052999
2022/10/28,-36.28059815,0.145165418,0.719647964,-0.362926607,3.865314927,-6.774365984
2022/10/29,-57.24778707,0.806556353,2.243817994,-0.395359851,3.268311187,-9.490546971
2022/10/30,-3.88404903,0.660496257,1.575491762,-0.434558312,5.100091313,-7.821703159
2022/10/31,2.554215896,-0.197892415,0.619006133,-0.931072144,1.569742345,-1.88138889
2022/11/1,0.181381235,0.296131463,-0.218470906,-0.932000703,3.663704947,-5.133326768
2022/11/2,-4.801301097,-0.926345625,-1.007075797,-1.151206984,-0.092639863,-0.216338601
2022/11/3,-0.298639131,0.267425906,-0.992165454,-0.885108467,3.417853817,-4.788795581
2022/11/4,-4.801301097,-0.926345625,-1.007075797,-1.151206984,-0.092639863,-0.216338601
2022/11/5,9.306924799,0.909147434,1.482105701,-0.500154382,3.547707542,-6.14233024
2022/11/6,8.975446975,1.214672493,1.635540883,-0.842991678,2.619981077,-7.596422749
2022/11/7,1.845928489,-0.110937566,-0.060038162,-0.93525066,2.718392003,-3.611648174
2022/11/8,-8.15937253,-0.237854167,-0.116220678,-0.895189966,1.039753527,-3.321308228
2022/11/9,-19.2041364,-0.312466977,-0.161183647,-0.960786036,2.635686419,-2.866724509
2022/11/10,-16.55325765,-0.102096491,-0.747531194,-0.69375896,1.964562918,-3.795119388
2022/11/11,-27.03426314,-0.055333293,-0.003019542,-0.633800571,5.245276735,-6.296588623
2022/11/12,-30.86198761,0.417560438,1.428960465,-0.450012188,5.597609352,-9.832202932
2022/11/13,-41.05278209,0.112818069,1.392604144,-0.662652229,4.337568006,-8.965063484
2022/11/14,-27.73599855,-0.385987335,-0.084930072,-0.779451703,2.554303576,-3.914411558
2022/11/15,-27.23612013,0.098075537,-0.165064444,-0.669284795,1.619372972,-4.890167297
2022/11/16,-25.80744999,-0.29351325,-0.546851695,-0.980882709,2.704027655,-3.630246082
2022/11/17,-31.94310801,-0.683399398,-0.759471509,-0.618081391,2.71051442,-5.722992196
2022/11/18,-42.784831,0.395586335,0.497292715,0.037547681,4.822194525,-5.83233379
2022/11/19,-42.784831,3.460196446,7.212584667,1.238080266,6.43659586,-16.67699495
2022/11/20,-12.32332547,1.023249194,0.131245133,-1.134492919,3.621255614,-6.285357833
2022/11/21,-8.608463773,3.855695189,7.184743966,2.491254438,4.858575164,-12.4736025
2022/11/22,-22.0796597,-0.710334621,0.397883621,-0.831782643,3.26196837,-1.251671835
2022/11/23,-29.97212011,-0.22901094,0.561944938,-0.626027125,3.515274572,-2.96871432
2022/11/24,-27.73221301,-0.22229619,0.616479286,-0.60206735,3.610624634,-1.133625177
2022/11/25,-4.916961917,0.069084073,1.181650396,-0.061096654,5.077196676,-1.350517657
2022/11/26,-26.36437885,-0.463548704,-0.438876357,-0.503379449,3.135032222,-2.690287578
2022/11/27,-5.89185466,-0.974240125,-0.812824912,-0.87622083,0.313028812,-0.424250653
2022/11/28,-6.963395907,-0.94509288,-0.972393856,-1.082228305,0.037942334,-0.319685639
2022/11/29,-6.217792963,-0.927027269,-0.59548666,-1.033279974,-0.049117732,-0.453190522
2022/11/30,-4.801301097,-0.926345625,-1.007075797,-1.151206984,-0.092639863,-0.216338601
2022/12/1,-4.801301097,-0.926345625,-1.007075797,-1.151206984,-0.092639863,-0.216338601
2022/12/2,-4.801301097,-0.926345625,-1.007075797,-1.151206984,-0.092639863,-0.216338601
2022/12/3,-4.801301097,-0.926345625,-1.007075797,-1.151206984,-0.092639863,-0.216338601
2022/12/4,-11.65306919,-1.10091148,-0.350703438,-1.073738622,2.273936812,-0.604724819
2022/12/5,-23.5795722,-1.380713184,-1.189354009,-1.151206984,2.959816087,-3.25281267
2022/12/6,-17.66224243,0.438211394,0.867648547,-0.622127256,0.857748731,-3.651326718
2022/12/7,-26.98724998,0.315208667,0.956252625,-0.382028395,1.058743245,-4.604082732
2022/12/8,-16.04106057,0.261016253,0.761821323,-0.851149733,4.993385514,-3.456529563
2022/12/9,-11.7866171,-0.507913754,-0.355504855,-0.857914949,2.926441403,-2.375870069
2022/12/10,-10.69127914,0.528430745,1.173897751,-0.715314797,4.428091613,-6.278325608
2022/12/11,-11.52118572,-0.219788648,0.188588524,-0.922309374,6.612302756,-6.170942686
2022/12/12,-14.38009038,-0.976025507,0.042769681,-0.927092605,3.107867788,-3.044107799
2022/12/13,-9.212505316,0.242154338,0.629865746,-0.798619816,2.958865223,-3.565007704
2022/12/14,-18.32364429,0.155052474,0.089915926,-0.688718211,3.801594338,-3.753753683
2022/12/15,-20.58880919,0.121338883,1.269835336,-0.580342095,4.280213372,-4.103864061
2022/12/16,-26.94968915,0.36131519,1.466397488,-0.70484845,4.113366613,-4.589954405
2022/12/17,-7.670159093,1.345788441,1.020934132,-0.099913141,3.351511286,-5.881868225
2022/12/18,-14.85696358,0.304579849,1.001408667,-0.353641016,2.645458428,-5.565892378
2022/12/19,-4.888700352,-0.486592115,0.549778558,-0.384482444,2.034442366,-2.664273884
2022/12/20,-6.200994272,0.007131815,0.712481317,-0.704769019,1.469935969,-4.260262825
2022/12/21,-9.249099107,-0.130012392,0.809770681,0.025410086,2.783495669,-5.8270235
2022/12/22,-8.179620411,-0.330083147,1.027102155,-0.562036215,1.444065889,-5.184116749
2022/12/23,-10.46712723,-0.433901327,0.936192052,-0.55951584,3.031089234,-3.851249867
2022/12/24,-15.27623747,-0.118038893,0.823963962,-0.38302328,2.929487357,-5.082305838
2022/12/25,-16.72177735,-0.151055334,4.345773676,-0.770365089,4.345355938,-5.925551593
2022/12/26,-13.11640454,-0.509710355,2.087204725,-0.342891849,2.703229239,-5.715856304
2022/12/27,-12.36203644,-0.227268814,2.588943249,-0.714141315,2.719419558,-4.676008038
2022/12/28,-15.65234744,-0.066948768,2.82713188,-0.609525382,1.797511224,-3.87481039
2022/12/29,-19.04728143,-0.384214069,2.470507326,-0.908720399,4.166795806,-4.207451224
2022/12/30,-21.80589337,-0.696690769,4.315302796,-0.737189989,3.483658495,-4.808106094
2022/12/31,-19.1964013,0.115628449,6.0002784,-0.776395339,5.561966486,-6.927618553
2023/1/1,-18.45548893,-0.214497118,3.500561574,-0.616132866,5.942036758,-5.075793202
2023/1/2,-16.2710321,-0.420305771,2.258105112,0.046445891,5.031958332,-5.683369475
2023/1/3,-13.63653601,-0.312549317,3.41982569,-0.90599513,5.185925053,-3.541203558
2023/1/4,-12.83353662,-0.443545405,0.707578293,-0.890613496,4.472128448,-3.672622777
2023/1/5,-12.51601675,-0.482824635,0.943909163,-0.758560628,4.612872401,-2.856191649
2023/1/6,-22.47102135,-0.306186035,2.826566568,-0.705273813,4.986762508,-4.358993272
2023/1/7,-14.66309792,-0.277271595,2.218934963,-0.365896325,4.173436168,-3.407300008
2023/1/8,-25.17078149,0.144723111,3.023451864,-0.14610805,3.838703824,-4.837204898
2023/1/9,-23.29220268,-0.067426,1.740160545,-0.381365138,2.958921693,-4.268882904
2023/1/10,-24.32335317,-0.505310792,-0.224019305,-0.471512769,4.05096961,-3.296361325
2023/1/11,-21.89002181,-0.321538546,3.890143843,-0.502409454,3.271623411,-3.524447498
2023/1/12,-23.51412816,-0.035600402,2.273837064,-0.543730335,2.135945975,-3.325823149
2023/1/13,-21.27176073,-0.615817875,1.057995522,-0.161436375,5.314442259,-5.006736672
2023/1/14,-42.34086669,0.06262239,4.636354621,0.827611251,3.853272328,-7.86812408
2023/1/15,-17.60892644,-0.283635497,1.358155573,0.182927444,1.388799871,-6.306935748
2023/1/16,-15.13698876,-0.270023254,3.131614381,0.179513168,-0.098146665,-5.167148772
2023/1/17,-10.58757959,0.151842373,5.023452397,0.249189233,-1.179269593,-5.360971155
2023/1/18,-8.780005279,0.790396227,3.599594927,1.507754582,-5.170457241,-5.4876771
2023/1/19,-11.41584598,1.039615205,6.686003024,2.845826292,-9.71338479,-11.89472669
2023/1/20,8.436094835,3.722809482,17.32034572,3.772119028,-9.158053493,-21.15282285
2023/1/21,-4.801301097,-0.926345625,-1.007075797,-1.151206984,-0.092639863,-0.216338601
2023/1/22,-5.516730454,-0.00975872,0.780688029,0.018047939,-0.707916239,-5.244116965
2023/1/23,-6.998057895,0.946405966,0.564696313,0.907740238,-0.163572532,-5.909054537
2023/1/24,-3.366956458,2.212197895,2.731952219,0.761324468,1.184466836,-1.913942748
2023/1/25,-5.016694306,2.423078764,2.830103379,1.179452866,-0.6824072,-0.896949766
2023/1/26,27.38895379,0.655177437,3.565534927,0.968716766,-0.97156567,-4.767559932
2023/1/27,5.671751806,0.230481664,3.225029534,0.827940998,6.722900146,-7.420796872
2023/1/28,-16.61877111,0.331685568,2.123084344,0.758998853,6.727203364,-7.21948228
2023/1/29,-22.01672444,0.065506569,1.509472778,-0.166006284,4.980648723,-4.856287718
2023/1/30,-32.44116872,-0.044117222,1.654867366,-0.209473448,4.166783433,-5.621200821
2023/1/31,-27.19806529,0.017363632,0.936750638,-0.334708717,4.71191711,-5.184101516
2023/2/1,-7.808450112,-0.021431952,1.656308093,-0.357611972,3.647338806,-3.89311351
2023/2/2,-16.16960927,0.27938502,0.400204836,-0.151214212,4.015588944,-3.720109544
2023/2/3,-12.13871024,0.547111836,3.153090873,-0.232626216,5.815155171,-5.398762097
2023/2/4,-10.66786741,0.507759944,5.383064195,0.147090594,8.108394851,-5.418685552
2023/2/5,-27.06159837,0.49996516,2.210698787,-0.195795373,1.200359566,-3.965542226
2023/2/6,-17.98220983,0.096407236,-1.022045978,-0.36800533,1.674563082,-2.583348287
2023/2/7,-19.09440688,-0.090972515,1.807026203,-0.351236502,2.702301162,-2.533493803
2023/2/8,-22.17787416,-0.226769863,2.468569874,-0.621211123,2.900013741,-3.172627014
2023/2/9,-18.64225218,-0.408721955,0.585746827,-0.31660383,4.535204637,-4.00863155
2023/2/10,-24.46895162,0.011632918,0.092642625,-0.327700005,3.671685478,-3.607633386
2023/2/11,-22.42583561,0.747257597,1.791392184,-0.084837557,4.091472861,-6.081462178
2023/2/12,-35.00693074,0.400307751,2.260692961,0.660485789,3.874917592,-4.547776869
2023/2/13,-27.30786643,-0.277080672,-0.763430945,-0.229563376,3.452516116,-4.453472348
2023/2/14,-21.96515308,0.039493021,0.351321203,-0.178719366,3.486161788,-3.479669918
2023/2/15,-20.60732034,-0.040442356,0.750123435,-0.726324176,3.752987112,-3.59305482
2023/2/16,-15.76225777,0.197539503,-0.090003201,-0.613284993,2.900311528,-3.027935806
2023/2/17,-16.27142022,0.146727629,-0.426336486,-0.558614564,4.168803088,-3.759924246
2023/2/18,-21.37115661,0.790706624,1.040186984,0.223422168,6.508689132,-6.457359094
2023/2/19,-29.73699043,0.220052445,0.521488534,0.039210467,5.865931443,-5.371676322
2023/2/20,-17.96407935,-0.073033353,-0.257520935,-0.413565385,0.545680781,-3.853809415
2023/2/21,-15.42946525,-0.205514928,-0.32761607,-0.3434714,1.653481424,-2.792300664
2023/2/22,-20.55586488,-0.314504563,0.010390059,-0.550364308,1.307877936,-3.663397356
2023/2/23,-16.32143145,-0.816009073,-0.125340829,-0.147824406,2.459746389,-3.200799446
2023/2/24,-18.74262232,0.009956295,0.239435149,-0.345848795,3.622349573,-3.446455248
2023/2/25,-26.87393023,0.202050997,0.405837653,-0.475970484,4.907551484,-5.33782234
2023/2/26,-28.89569538,0.385453832,0.584529286,-0.233690362,4.87608923,-3.719409899
2023/2/27,-18.83833414,-0.230372418,-0.770194181,-0.256954687,2.1999924,-2.563368569
2023/2/28,-16.34847835,-0.426917198,-0.322956837,-0.425960189,3.023787953,-3.010938445
2023/3/1,-20.637059,-0.320169138,-0.46449735,-0.560087751,3.467224079,-3.215425114
2023/3/2,-22.1272562,-0.208759095,-0.081642052,-0.632877736,3.182392387,-2.898184278
2023/3/3,-23.01603886,0.047454045,-0.040991039,0.051340353,3.687093599,-3.7826234
2023/3/4,-24.23573855,0.023317522,0.40150997,-0.26112997,4.323897858,-4.282154357
2023/3/5,-32.81120202,0.555231294,-0.03251609,-0.080921602,4.224746817,-3.829334868
2023/3/6,-18.72973001,-0.412603861,-2.327626643,-0.511955885,2.598038705,-2.512646064
2023/3/7,-21.10290779,0.054746604,-0.120446582,-0.536923011,3.088379045,-3.371142629
2023/3/8,-21.87493897,-0.70958997,-2.357449881,-0.280301252,2.552398532,-2.991513274
2023/3/9,-23.09553755,-0.400340536,-0.75997977,-0.528491715,3.264890413,-2.207027406
2023/3/10,-23.99817812,-0.976102062,-2.293835223,-0.276587795,4.707093988,-3.173077103
2023/3/11,-36.15197698,-1.163447408,-0.989370361,0.250027545,6.788070286,-3.697730863
2023/3/12,-34.23475704,-1.21947437,-1.303120063,0.217025467,3.293894742,-3.141314099
2023/3/13,-23.98708885,-1.085333759,-2.024773068,-0.249992635,1.630252939,-2.749963112
2023/3/14,-21.68405606,-1.062526854,-0.758855592,-0.384020791,2.928477047,-2.111859889
2023/3/15,-29.97746106,-1.071634611,-2.326411643,-0.612471759,3.343179117,-2.774697001
2023/3/16,-32.15982612,-0.171188239,-2.090596595,-0.394474935,3.251288656,-2.526546779
2023/3/17,-34.69161039,0.234562491,-1.893665068,-0.019298622,3.746546928,-5.260603315
2023/3/18,-36.92806557,0.874736835,-0.942265121,0.968752814,4.328930783,-5.350976721
2023/3/19,-39.7744458,0.792122552,-1.584626236,0.645927532,6.095971993,-3.602750927
2023/3/20,-36.34035532,-0.048604501,-2.752676856,-0.502494122,2.769923571,-2.167387526
2023/3/21,-37.50137226,-0.455965532,-2.679814869,-0.423162276,2.860232563,-3.107621889
2023/3/22,-31.36493961,-0.394748288,-2.405257462,-0.358353241,2.728078099,-2.873504322
2023/3/23,-37.27021998,-0.158814901,-2.235576551,-0.457492083,2.700696271,-3.073719469
2023/3/24,-41.64863024,-0.323246192,-4.112001202,0.075294763,3.091017648,-4.090982497
2023/3/25,-39.23965065,-0.298217007,-4.121221773,0.402609346,5.633093094,-3.832770342
2023/3/26,-48.9993529,-0.395431363,-1.706059947,0.171432519,3.951132649,-4.551802195
2023/3/27,-26.1890364,-0.464796928,-3.124736586,-0.314518762,3.495081528,-3.562217167
2023/3/28,-27.2504276,-0.644308496,-3.714225688,0.145683655,2.864108566,-2.988270322
2023/3/29,-22.49848779,-0.325789704,-1.997092637,-0.595658092,2.317946968,-3.113079512
2023/3/30,-35.40182498,-0.283330441,-2.229120466,-0.166091954,2.826075982,-1.668818426
2023/3/31,-39.83706759,-0.413351928,-6.252192213,0.337188468,4.150432333,-3.6558731
2023/4/1,-34.1169064,0.078545735,-2.111108302,0.594781182,4.481085551,-3.227053294
2023/4/2,-15.82515159,0.105671076,-1.494749656,0.196536358,4.254144798,-4.449668979
2023/4/3,-26.53022379,-0.270674302,-6.051162514,0.157240609,3.819592789,-3.22744529
2023/4/4,-26.05799957,-0.271604525,-1.42177032,0.387335809,3.577508369,-2.825534977
2023/4/5,-34.61737765,-0.116211805,-1.280342397,0.344334576,4.131032132,-4.449750672
2023/4/6,-24.04674538,-0.462883137,-3.584303141,-0.29036184,3.088010909,-2.616921472
2023/4/7,-25.21798022,-0.059292901,-3.114392587,-0.514618701,2.659135827,-3.15474457
2023/4/8,-29.21367403,0.286574382,-2.931285348,0.373771758,4.152039016,-4.983397076
2023/4/9,-32.35310544,-0.244282726,-4.671973677,-0.168374542,2.949827934,-2.968419227
2023/4/10,-22.18769862,-0.394819174,-3.225796199,-0.355402891,1.38487017,-2.571837889
2023/4/11,-27.96056822,-0.500779697,-1.355329914,0.01290731,1.862710324,-2.258439703
2023/4/12,-20.35518462,-0.298897729,-2.697994349,-0.446218192,2.234380098,-3.449454882
2023/4/13,-14.26225029,-0.378432028,-2.232207849,-0.333553578,1.510465594,-2.191451001
2023/4/14,-23.70866154,-0.236502461,-3.496962267,0.362666839,1.430615673,-3.702995068
2023/4/15,-35.66118831,-0.205115369,-3.971406582,0.130045065,3.623536568,-3.688089784
2023/4/16,-24.76943048,-0.340146414,-5.356327751,0.35882773,2.712650619,-3.48359102
2023/4/17,-15.7542171,-0.438935251,-3.294411319,-0.479439693,2.649606725,-1.734688968
2023/4/18,-32.9366229,-0.424665277,-1.495967442,0.249181626,1.68838982,-3.167625943
2023/4/19,-26.03278776,-0.307399896,-2.179952841,-0.274059871,2.536031464,-2.439300627
2023/4/20,-16.54426824,-0.496480987,-2.607311708,-0.350589049,1.534337059,-2.093374357
2023/4/21,-33.25581983,-0.214422355,-2.905169399,1.026525293,4.611473104,-3.74635278
2023/4/22,-45.9643366,0.041794167,-1.941837881,2.061637273,5.488739982,-5.08960913
2023/4/23,-49.54018923,0.147195946,-2.962031002,0.896254087,6.126574218,-1.721031398
2023/4/24,-33.51571987,-0.403011035,-1.467545107,0.585258079,0.566831949,-1.220601225
2023/4/25,-30.80450318,-0.548174173,-1.381315888,0.236885427,2.356939191,-1.405792712
2023/4/26,-24.6341774,-0.529354659,-2.659216611,0.012744703,1.756383192,-1.383852532
2023/4/27,-26.31486115,-0.5375547,-2.274042117,0.317403793,1.430418921,-1.35530163
2023/4/28,-25.72725505,-0.470383625,-1.351610539,0.793705848,2.925900957,-1.684371817
2023/4/29,-22.6556504,-0.56003179,-1.690071415,1.293720879,3.787966297,-3.658107323
2023/4/30,-20.5965016,-0.627367865,-2.543394667,1.842576767,2.183627327,-1.808893829
2023/5/1,-24.82512548,-0.715747492,-2.384547675,1.080578066,3.817661237,-1.959861864
2023/5/2,-29.7656112,-0.521401046,-3.513312494,1.487331677,2.254197972,-1.505473708
2023/5/3,-39.80232723,-0.40467288,-2.131156986,0.355512857,1.446556231,-1.665998939
2023/5/4,-24.2097657,-0.481202771,-2.155660482,0.550377624,-0.270098759,-1.388219464
2023/5/5,-11.39883017,-0.487755176,-0.77891707,0.329446876,0.122471936,-1.71434662
2023/5/6,-24.08269931,-0.783262408,-0.558488209,0.380716605,0.272975838,-2.088851994
2023/5/7,-33.96634159,0.123130837,-1.708038501,1.499564032,1.184563817,-3.017907738
2023/5/8,-19.72831304,-0.155125692,-2.528536015,0.291840231,0.60132656,-1.193702809
2023/5/9,-23.63819016,-0.297163507,-1.945807505,-0.00881395,0.462799013,-1.187965115
2023/5/10,-22.50082504,-0.280167271,-0.97618171,0.712941797,1.068199494,-1.929405398
2023/5/11,-20.92829997,-0.388248273,-1.531545018,-0.228749813,-0.307675366,-1.013326905
2023/5/12,-15.85648178,-0.142900314,-3.742361433,0.473506193,-0.006240749,-1.957192936
2023/5/13,-17.07625381,0.108251087,-1.465918958,1.051335275,0.333206736,-2.374326195
2023/5/14,-22.58930123,-0.12563408,-2.043581703,1.035815072,-0.188944933,-2.165579524
2023/5/15,-25.91542006,-0.210401783,-1.523702529,0.272845324,0.131045263,-1.380178846
2023/5/16,-23.39571216,-0.066567643,-1.205356601,-0.21064291,0.071367891,-1.29891911
2023/5/17,-16.59786524,-0.318350951,-2.442662275,-0.20301546,-0.542596603,-0.970481291
2023/5/18,-11.82069731,-0.179230967,-1.508334417,-0.382161046,-0.648053906,-1.587378484
2023/5/19,-17.79936669,-0.405074017,-0.807199831,-0.140934649,-0.214890656,-1.545170768
2023/5/20,-20.63150462,-0.177405085,-2.452503747,1.092258202,0.832540533,-1.943496799
2023/5/21,-23.64571161,-0.255182915,-1.866382824,1.38747368,1.218374089,-2.118270862
2023/5/22,-24.61368501,-0.464766743,-1.299528144,0.563537216,0.131597862,-1.07430211
2023/5/23,-27.40800898,-0.271081467,-1.782072476,0.375742181,0.455887998,-1.103285458
2023/5/24,-12.03284601,-0.295808434,-1.752034421,-0.106644287,-0.766043628,-1.007520584
2023/5/25,-7.968659747,-0.72744309,-2.008874861,-0.367073295,-0.117666467,-1.260494663
2023/5/26,-16.04767134,-0.381374141,-1.750537274,-1.28556267,0.770158605,-1.176913682
2023/5/27,-27.16591819,-0.013264801,-1.739081455,0.461368598,-0.316458252,-2.007255493
2023/5/28,-25.51797299,-0.018503588,-2.490514127,2.715925328,-0.084865626,-2.739757256
2023/5/29,-16.44316357,-0.417455218,-1.510778435,-0.222381433,-0.670624535,-1.327844579
2023/5/30,-19.32101258,-0.37184799,-2.562623823,-0.752490826,0.33227658,-1.113578751
2023/5/31,-16.50000981,-0.432821946,-1.761287694,0.246680258,-0.061116209,-1.47949427
2023/6/1,-16.12609925,-0.31253371,-1.462143433,-0.865080083,0.50233875,-1.256595304
2023/6/2,-19.46951913,-0.303332744,-2.943471681,-1.260611127,0.738755662,-1.61458378
2023/6/3,-28.13666415,0.265265202,-3.124299719,0.385447065,1.023549754,-2.070872764
2023/6/4,-22.68940287,0.078929121,-2.004170126,-0.257400875,1.090387167,-2.268516623
2023/6/5,-18.36836431,-0.230960819,-0.608754077,-0.50151032,0.290111525,-1.455418991
2023/6/6,-19.40295403,0.121501145,-2.203029389,-0.374043539,1.108200237,-1.581287626
2023/6/7,-16.98051216,-0.303333531,-1.753937453,-0.57058224,-0.062703625,-1.051308125
2023/6/8,-15.94764121,-0.198208515,-2.025163033,-1.619495134,0.581911663,-0.930162565
2023/6/9,-18.65543428,-0.345620828,-2.128482608,-0.461526001,0.578127379,-1.541163633
2023/6/10,-29.55198244,0.038560395,-3.315012119,-0.050482048,2.2693937,-2.689708024
2023/6/11,-24.33905114,-0.168637953,-2.488554437,-0.264405401,1.206185273,-1.596783798
2023/6/12,-20.02044862,-0.733248826,-1.550924424,-0.379153191,0.476235998,-0.840239292
2023/6/13,-20.88853888,-0.389981432,-2.342713174,-0.660582861,1.172612431,-0.829524474
2023/6/14,-16.32823271,-0.46209786,-1.601048797,0.210116883,0.719048758,-0.784781175
2023/6/15,-16.96138568,-0.472279824,-3.038923635,-1.211354952,0.073121763,-0.803590246
2023/6/16,-15.9057554,-0.854831526,-1.646235573,-0.778406362,1.409025751,-1.054622719
2023/6/17,-21.4843799,0.48397267,-5.949447199,1.15513577,2.475469655,-2.312470255
2023/6/18,-27.7349365,0.128434767,-4.920869893,1.201057182,2.286504881,-1.88162043
2023/6/19,-16.65983884,-0.275538821,-0.646438135,-0.708256862,0.565118311,-1.145207112
2023/6/20,-18.16887076,-0.309235733,-2.742729515,-0.299871877,0.497010182,-0.879778188
2023/6/21,-14.29271997,-0.047390581,-4.767317918,-0.612719548,1.853233333,-1.827576043
2023/6/22,-17.22441811,0.016568835,-5.964062997,-0.588217654,1.707173653,-1.679322921
2023/6/23,-23.60740808,-0.437885192,-5.135562717,-0.473848183,1.536798962,-1.550247906
2023/6/24,-15.80071025,-0.464624727,-2.848655018,-0.356840731,1.248235478,-1.090901951
2023/6/25,-10.31380961,-0.364081816,-2.473411969,0.028273921,0.757653668,-0.70933156
2023/6/26,-5.915218735,-0.50084442,-2.228534734,-0.006155857,1.067913281,-2.570689931
2023/6/27,-16.66698725,-0.175046207,-3.735040074,-1.069168776,0.341080413,-0.904199825
2023/6/28,-16.1172674,-0.260929069,-2.462747495,-0.601177177,0.856726189,-1.691718637
2023/6/29,-16.56748809,-0.265094462,-3.191248116,-0.748712039,0.968035853,-1.09343144
2023/6/30,-16.93647383,-0.204560176,-3.480284158,-0.740408245,0.502294158,-0.832791093
