,有色板块开盘价,有色板块等权平均市场收益率,有色板块日收益率,有色板块日无风险收益率,有色板块日震幅,有色板块市净率,有色板块市现率,有色板块成交量,有色板块换手率
0,55.94828295762033,0.003204716123694532,0.1265239919294816,2.5191630661698344e-05,9.294889425894766,34.68199073241372,818.679790979218,815588692.4925543,-1.3804382119654783
1,61.88345052785639,-0.0006578061020567154,0.10662662828090523,2.5191630661698344e-05,5.039996185552676,34.68199073241372,818.679790979218,676537254.8182671,2.15798225496643
2,65.57199433388392,-0.013727951846220433,0.22180374494035945,2.4203367840313044e-05,9.05455708551034,34.68199073241372,818.679790979218,746968185.8582149,8.024631955672175
3,69.34726523801338,-0.014399352179194727,0.17788794014109305,2.3483981876102687e-05,7.281184097560931,34.68199073241372,818.679790979218,994852807.018928,6.281061770240136
4,73.28892087616671,-0.002294624618691482,0.02493103046188476,2.2764595911892342e-05,8.342882065983787,34.68199073241372,818.679790979218,886323193.7032712,10.50392135845984
5,76.13638662498175,-0.019366304508328984,-0.03859408721483033,2.2530953146167166e-05,17.39724417780395,34.68199073241372,818.679790979218,864723565.2946885,9.261133403911225
6,65.55828478645213,0.004525792369233704,0.12723685481586627,3.2792777171040054e-05,21.337060965786208,34.68199073241372,818.679790979218,676617138.242503,8.87061274109936
7,71.98834771448162,-0.00817775380066376,-0.1372257638451891,2.1811567181956822e-05,19.556566910888343,34.68199073241372,818.679790979218,808751003.2755966,7.334724976092913
8,62.86197226963299,0.0024801611227750243,-0.10025342240917358,2.1811567181956822e-05,0.2700886201408834,34.68199073241372,818.679790979218,509546095.0440371,4.85837981282194
9,58.27014606775846,0.007204874535418652,-0.10799627485109778,2.1577924416231646e-05,8.835975819286855,34.68199073241372,818.679790979218,524386260.37103474,11.737063133707206
10,59.36762633720079,0.011379787165571474,0.08714046963144269,2.1577924416231646e-05,9.592741966688678,34.68199073241372,818.679790979218,512942191.50675917,4.289750573036185
11,64.23499747258192,0.008682250985337554,0.009101054690767156,2.08585384520213e-05,11.361828297446591,34.68199073241372,818.679790979218,566069030.8228898,6.0772150432524334
12,67.68742707008477,-0.0017201520175902287,0.13537688506349044,2.1577924416231646e-05,4.652769373158174,34.68199073241372,818.679790979218,490200599.66256154,7.737676715463983
13,69.79042574933234,0.002393006723940389,0.06712039583245327,2.1577924416231646e-05,7.363833386396006,34.68199073241372,818.679790979218,557956905.718811,5.599567370800251
14,74.528191603789,-0.01092642464104677,0.1583761367331796,2.1577924416231646e-05,7.677553574184338,34.68199073241372,818.679790979218,477095883.507223,2.5337717313294377
15,83.78795443780521,-0.007053004509991367,0.18440682455190008,2.1577924416231646e-05,3.4244206472545566,34.68199073241372,818.679790979218,581205345.7924628,1.1956535024987256
16,89.76109901272707,-0.008510746865018482,-0.22443131235643382,2.1577924416231646e-05,5.4118444295040105,34.68199073241372,818.679790979218,430328677.32099336,9.34654942006544
17,76.9736819202318,-0.003660192348958966,0.0851353878874319,2.229731038044199e-05,18.73142670085444,34.68199073241372,818.679790979218,454661802.21715105,9.899228852737668
18,76.71492404275456,-0.010163713577226787,-0.08673626089076719,2.3502439543137516e-05,13.037455275519541,34.68199073241372,818.679790979218,544289682.0872729,7.433076359429016
19,84.44698340263334,-0.011483258563891614,0.008235581434659484,2.4707568705833083e-05,15.97872221709057,34.68199073241372,818.679790979218,431937444.8617193,8.725279667141589
20,82.78293539180966,0.004026110359903479,-0.0723029521281948,4.689373513241111e-05,12.121823571815252,34.68199073241372,818.679790979218,429732542.5216814,4.3398851354588155
21,76.24188290599363,-0.0028574426236615807,0.040530660992524836,2.4473925940107907e-05,6.368659550827227,34.68199073241372,818.679790979218,413005659.1531155,3.6660306032470897
22,76.83093383615407,-0.01536262101747514,0.13277808620396056,2.424028317438273e-05,13.436796599357859,34.68199073241372,818.679790979218,697112599.5619962,5.530528272738104
23,80.14434019894594,-0.02028755232902698,-0.0656028437630065,2.3539354877207203e-05,4.436515433021116,34.68199073241372,818.679790979218,458573944.97020024,6.446237215567977
24,73.90151723740972,-0.004969728662475078,-0.11920096620516073,2.283842658003169e-05,6.372182203314957,34.68199073241372,818.679790979218,446768239.9751382,3.036591442301817
25,70.21817229707479,0.0067359452446839685,0.14938829164007839,2.213749828285616e-05,16.407804063152227,34.68199073241372,818.679790979218,471192163.88566786,7.988881586094487
26,73.8289186590642,0.013724009277672545,0.051200024006421166,2.314880748952146e-05,12.239405464419043,34.68199073241372,818.679790979218,539507247.9160998,6.462649514525518
27,74.8709692390018,0.0003924716159194111,-0.0700145558666922,2.2856884247066477e-05,11.839304234238027,34.68199073241372,818.679790979218,607920578.0037146,7.515976691821665
28,80.27289512474924,0.02790277934738655,0.13288806303540643,2.26232414813413e-05,1.1194803299618716,34.68199073241372,818.679790979218,533828746.568016,4.9256855933814325
29,77.73325345696087,0.025638945854003378,-0.18048154701921965,2.26232414813413e-05,4.551775961416976,34.68199073241372,818.679790979218,1294743653.1601632,5.28580328715056
30,75.48365439922728,-0.000452435570179586,-0.15953590920909175,2.410183621945702e-05,-0.5133881715550359,34.68199073241372,818.679790979218,1370720827.701292,2.4695706134389583
31,64.49388771246808,-0.009378956635579534,-0.19139923270513937,2.380991297700204e-05,-0.7734664506430411,34.68199073241372,818.679790979218,872001360.9619222,-3.319834881806914
32,61.86875620103223,0.0003938133363570158,-0.11559531582192901,2.380991297700204e-05,13.086595249872659,34.68199073241372,818.679790979218,1021646455.4495096,1.357959700062409
33,59.48656813245357,-0.011069992498098384,0.03706423310928144,2.354103611982711e-05,14.425135349428363,34.68199073241372,818.679790979218,794200880.0910306,5.529779137171392
34,56.810032200226225,-0.006030754390780853,-0.1444219279151534,2.380991297700204e-05,0.7839531748653554,34.72769979813347,819.354671890727,881452586.5856646,4.2229053904548755
35,57.18123150125303,0.01785920049081072,0.05773630953080398,2.2798603770336672e-05,6.967681329881184,34.72769979813347,819.354671890727,725188836.8627648,1.8831101756603583
36,56.467860461349616,-0.0027294689289113334,-0.039288252090763365,4.556861668182464e-05,6.326329326883636,34.72769979813347,819.354671890727,682126798.5355188,0.6816883211425164
37,52.38970985314542,0.002440043136813142,0.08888532219618381,2.3090527012791653e-05,7.345067748762331,34.72769979813347,819.354671890727,588817893.7250108,-0.8671538905226641
38,53.17967292154339,-0.0007740584394889628,-0.09638441016781685,2.2079217806126355e-05,2.8217767114365575,34.72769979813347,819.354671890727,703563624.8916864,0.9541225675723997
39,51.693421988360456,0.0011587963400065556,-0.03556784991865254,2.184557504040118e-05,6.48989590003641,34.72769979813347,819.354671890727,631966717.3883004,0.9255860664787052
40,53.70854238824003,-0.007700208121614215,-0.16303347056869874,2.0892546310465632e-05,6.9374562685478915,34.72769979813347,819.354671890727,450589704.2056243,-0.9573040803883559
41,47.97533729721553,-0.0292362136857013,-0.03340337198476761,2.0892546310465632e-05,9.323835778004206,34.72769979813347,819.354671890727,573191899.4010996,1.3023913747303415
42,48.060138239050666,-0.00370714847612536,0.08758258496504091,2.1184469552920613e-05,0.38628832194473395,34.72769979813347,819.354671890727,364540580.69935197,-0.5521873922904577
43,48.32829664593701,0.027152892530476633,0.038327994011769326,2.095082678719545e-05,4.9773225848281735,34.72769979813347,819.354671890727,700676754.4318736,0.2130525269495238
44,50.61090547508046,-0.00027668503010183036,0.10937984015017518,1.993951758053011e-05,8.428569141789332,34.72769979813347,819.354671890727,533163719.91325676,0.6484758393009502
45,54.415438810998914,-0.002763203257744559,0.0020808271473053957,1.9705874814804935e-05,2.8572659628727295,34.72769979813347,819.354671890727,445048155.243463,3.5730902736569616
46,54.966597180408186,0.012774757896132975,-0.09046950026643509,1.999779805725989e-05,6.962238944324447,34.72769979813347,819.354671890727,427894491.41067237,1.4849760386492246
47,54.214456984188686,0.017331166523332667,0.07928105991384085,4.136647523320278e-05,8.942694148800175,34.72769979813347,819.354671890727,301771784.80937237,-1.6625867958240446
48,60.051228905482326,0.006386882931544819,0.06087079124396213,1.9764155291534713e-05,-2.236435993298127,34.72769979813347,819.354671890727,301476755.4419546,1.5010325960322366
49,-29.245740961057088,-0.00412126165709462,0.010059960289331493,1.9764155291534713e-05,-5.594261282991621,34.72769979813347,819.354671890727,405584915.1138771,4.135428599983868
50,53.5756224508786,0.017422844862042076,0.10191629957694265,-4.190169507341994e-05,11.547999827892447,34.72769979813347,819.354671890727,415230504.3426355,13.489025397707852
51,63.26215388956606,0.009128184605394333,0.08020259825895007,1.9799389382984465e-05,15.714443952817158,34.72769979813347,819.354671890727,399043325.8583916,8.841822716270173
52,65.28551366880805,-0.0026017215200040064,-0.03402830833278196,1.9618245143876296e-05,21.33161972776792,34.72769979813347,819.354671890727,513904153.1667087,8.108300434752067
53,65.65917647515988,-0.017155715211358925,-0.10645726303064162,1.8788080176319126e-05,13.08446674238727,34.72769979813347,819.354671890727,590856790.0042506,7.3572459188251225
54,64.7237461301365,0.0015404198479885434,0.2552752766049024,1.8788080176319126e-05,15.426821045609618,34.72769979813347,819.354671890727,488784550.3643538,10.862199483007945
55,80.00358951260199,0.008568173069642743,0.17995717976391812,1.8898859179665938e-05,10.313026598304205,34.72769979813347,819.354671890727,466910971.2831343,16.638835417236542
56,80.35163551834304,-0.005937045099317238,0.0777922603771972,1.8068694212108796e-05,17.965427669941334,34.72769979813347,819.354671890727,383793369.6061417,20.708109488948832
57,86.39277081281344,-0.005826561975049495,-0.030645450296677843,3.348911674997035e-05,12.282327074256742,46.69952204245045,793.4375566283938,347499513.73359406,11.079447081460259
58,84.16248573723169,0.003022213498602748,-0.04691385889446169,1.8360617454563763e-05,15.176243531963694,46.722644023789364,791.9923410772296,368960925.79696006,12.46020572379162
59,82.78466988244804,0.0045181834173849455,-0.09534069840045756,1.8863137077463867e-05,10.35520858544646,46.722644023789364,791.9923410772296,294373621.9162953,9.874851393871028
60,79.14592787688316,0.001658859204755427,0.04854648579931064,1.9096779843189043e-05,9.08791488663615,46.894878736837796,793.624192002553,507979202.8886012,11.318025075512281
61,79.77303356155512,0.004155603985308918,-0.09962178431703198,1.9096779843189043e-05,18.222698319929123,46.894878736837796,793.624192002553,428747087.96302867,11.901041577406772
62,71.02388648170253,0.003505074705567037,-0.08339150341342777,1.9096779843189043e-05,2.5232256635738617,46.894878736837796,793.624192002553,400928651.4809065,6.559350053568285
63,69.13572319719842,-0.007794991537044369,0.03515666574050331,1.9096779843189043e-05,15.089181190098413,46.894878736837796,793.624192002553,469708486.45889443,8.06546277932621
64,71.92853696613136,-0.011237286782529677,-0.12016234233649097,3.0735951350362796e-05,16.750097139133125,46.894878736837796,793.624192002553,469167211.2395812,7.722006200528275
65,63.43193027270111,-0.0019119769946719526,-0.08304507213499394,1.835434749369866e-05,7.732709929037746,46.894878736837796,793.624192002553,467863660.7613201,5.696628637150481
66,62.80214621133812,-0.008157399902578225,0.208794631113936,1.835434749369866e-05,13.453735995600653,46.894878736837796,793.624192002553,333483568.7641047,8.408225310486854
67,73.42980108098449,0.01243835539928837,0.1312958790960632,1.841262797042845e-05,5.78377195144089,46.894878736837796,793.624192002553,328345100.3389245,10.650768502233447
68,75.1627903595122,0.0053732672353236505,0.12400738976129609,1.841262797042845e-05,11.760499545103274,46.894878736837796,793.624192002553,346592841.2616033,10.489897089145407
69,79.49903319249584,0.010319613290965826,0.1841735604591953,1.841262797042845e-05,25.252043047089423,46.894878736837796,793.624192002553,609061151.9302986,13.682150738754716
70,81.87654431303608,-0.007284580923374833,-0.02063740766146988,-4.507827009547545e-05,8.07352672273599,46.894878736837796,793.624192002553,510260393.3672666,18.477673412268075
71,93.11176145471293,0.0005730715455415022,0.01823910306907514,1.841262797042845e-05,12.543982615615505,46.894878736837796,793.624192002553,430914104.50196075,11.391707716421845
72,90.8243083172814,-0.003938771466642234,0.10976766817779181,1.841262797042845e-05,9.322018149320424,46.894878736837796,793.624192002553,456099685.5786048,12.945889331510319
73,95.6618381161455,-0.002700188483692048,0.18046083844513858,1.841262797042845e-05,19.472117711392976,46.894878736837796,793.624192002553,416681161.89659345,19.403245980744863
74,105.19922463448843,0.0036819411068964216,-0.07088023484422959,1.841262797042845e-05,7.3929043478627054,46.894878736837796,793.624192002553,407439240.42620575,11.391418501300137
75,100.94648016661144,-0.0015784190247043481,-0.06264098712419254,1.841262797042845e-05,10.811944065911014,46.894878736837796,793.624192002553,360418686.8894393,7.9999552791844115
76,100.20217440503079,0.003770460007633869,0.1750642687950952,1.841262797042845e-05,16.83253682461288,46.894878736837796,793.624192002553,513881483.53115606,8.803160539447527
77,105.49440765938506,-0.011645233652162575,0.07586914879623895,1.841262797042845e-05,12.765053288759383,46.894878736837796,793.624192002553,559595986.0663326,9.046363286371653
78,109.50537386723599,2.545893853549662e-05,0.06327857884467805,1.841262797042845e-05,12.017123671659855,46.894878736837796,793.624192002553,394484589.3654625,8.81337251626918
79,115.36245103891063,0.009955063459863123,0.11738202035985633,1.841262797042845e-05,18.961121589837262,46.894878736837796,793.624192002553,559377993.6236315,13.974314271219672
80,120.93904005152689,0.0006032619645740941,-0.2646909882725019,1.806500041095012e-05,15.895911682053015,46.894878736837796,793.624192002553,584892485.4994373,9.309401212632627
81,107.00263137430608,0.00035975238652491935,0.10698819974213197,1.829555676469137e-05,11.608347643614602,46.894878736837796,793.624192002553,655756519.3535602,8.370367565138514
82,111.3340000112597,-0.008694924867209746,-0.05117805425033638,1.7053691204284754e-05,11.547174866726094,46.894878736837796,793.624192002553,614617685.2748601,8.01021431473559
83,106.10671127211944,0.0033503828666253577,0.06610223967445816,1.7576170800480973e-05,15.273121722032359,46.894878736837796,793.624192002553,583332634.094871,10.551480910106012
84,105.68634020118404,-0.003988865697238659,-0.025133778967702084,1.668193279955274e-05,13.825914441378858,46.894878736837796,793.624192002553,632417931.1191716,7.355465161447974
85,111.56942665333425,0.018192107838369487,0.17127109198329799,1.697385604200772e-05,22.30164225388868,46.894878736837796,793.624192002553,386667396.2212329,17.04340043298602
86,122.54443891672265,-0.01563612607964133,-0.05567479408476494,1.697385604200772e-05,3.232036554408941,46.894878736837796,793.624192002553,493215325.2566347,11.261966623740014
87,122.05619345114994,0.015221535605161983,0.06922524034474078,1.6740213276282545e-05,10.188797001496061,46.894878736837796,793.624192002553,403622410.67054594,9.552148764958556
88,128.1151232085065,-0.011158654221882534,0.07925912214370126,1.6740213276282545e-05,7.101319997484587,46.894878736837796,793.624192002553,447887835.1306751,8.060865918249855
89,127.29534178338199,0.007998796382074602,-0.015182301682345457,1.6392585716804215e-05,0.4464950696560799,46.894878736837796,793.624192002553,387212311.05215037,6.281011171308364
90,125.08259080985147,0.0013416781366686963,-0.02559606472401302,1.6623142070545466e-05,7.331048529446187,46.894878736837796,793.624192002553,316832746.66761994,5.388881814946809
91,122.40344883698367,-0.005330847264530708,-0.1209462524213952,1.5728904069617254e-05,16.89404987521575,46.894878736837796,793.624192002553,522047266.3804267,9.73776738311378
92,119.8590399224422,0.006712390240453156,-0.03987949166586121,1.6020827312072208e-05,7.588056936646548,46.8733685882638,796.7727400000713,341462466.2162694,7.863900523717614
93,116.9040783027444,0.004037525639633869,-0.07830825463150397,1.5787184546347032e-05,0.5750985493184966,46.8733685882638,796.7727400000713,268547583.4704742,3.4840882852353072
94,118.3167282135532,0.0030456725853194424,0.09880303832008805,1.5787184546347032e-05,8.067500458314028,46.8733685882638,796.7727400000713,311730441.1366351,3.4412120733190887
95,119.96585551717673,0.006277166859336001,0.11119768665896547,1.5787184546347032e-05,5.791423389748675,46.8733685882638,796.7727400000713,411335387.59043425,7.0562121056787355
96,125.20191985560689,0.011193504429583646,0.009427545390859554,1.5787184546347032e-05,6.609514390493326,46.8733685882638,796.7727400000713,316765942.5011525,6.162035899139
97,124.08823301284974,0.005684406327532592,-0.20829825755389092,1.5787184546347032e-05,12.758968957766193,46.8733685882638,796.7727400000713,356440769.48465836,13.930077814353652
98,111.18480138947619,0.0029558729069276996,-0.03365228219400067,1.605606140352196e-05,8.229784525790294,46.8733685882638,796.7727400000713,298079833.76610047,5.727175216794933
99,106.85861482617916,0.0086755830762099,0.0791921768399664,1.5708433844043616e-05,12.406113761770897,46.8733685882638,796.7727400000713,337373618.3828213,4.767301487693056
100,109.50172553511818,-0.008508190791149015,0.06302278154757802,1.5938990197784853e-05,7.477480699606831,46.8733685882638,796.7727400000713,325365163.6848186,4.8886354889442245
101,114.80099990253893,0.016774236838014312,-0.006842109534784353,1.5044752196856627e-05,5.492499245721976,46.8733685882638,796.7727400000713,297100847.6375464,3.4673718762296923
102,114.98832669899951,-0.005967790373655722,-0.05790216486984665,1.5336675439311595e-05,15.919531611341295,46.8733685882638,796.7727400000713,480305798.90993714,5.579562693778241
103,114.34566913562453,0.009050724275360356,0.024470885382771496,1.5336675439311595e-05,5.4883799697228435,46.8733685882638,796.7727400000713,326563915.446254,3.75699698281856
104,116.55256553655562,-0.00011624207981888784,0.024529288200949656,1.5336675439311595e-05,4.354746362427408,46.8733685882638,796.7727400000713,269064644.34209514,5.42265937826121
105,114.87012923629518,0.015027430521955511,-0.11339523609565205,1.5605552296486523e-05,12.130992652265848,46.8733685882638,796.7727400000713,250218913.26064003,6.249309052145703
106,110.13682324844083,0.0009129757493979802,-0.03352483162561293,1.5605552296486523e-05,8.389808611528299,46.8733685882638,796.7727400000713,303085222.49044937,3.7838631685936504
107,106.70064827487919,0.01600637968489591,-0.1125674638794258,1.587442915366145e-05,13.137626828384017,46.8733685882638,796.7727400000713,452664631.13671327,6.2508997452515835
108,97.96573599943463,0.0018223995654466432,0.03644229215470453,1.587442915366145e-05,6.600698856024463,46.8733685882638,796.7727400000713,434703448.77265185,3.720974742809969
109,97.82545899137328,-0.010934054655116526,0.04424049175669734,1.614330601083638e-05,12.931098700268938,46.8733685882638,796.7727400000713,500507021.4925914,6.4471160494014965
110,103.10385695804632,0.016017611618696713,0.004489299201967165,1.614330601083638e-05,10.76101548005405,46.8733685882638,796.7727400000713,299016007.94199693,4.731070438247278
111,106.62934532465769,-0.0075940754098934695,-0.04785710227745781,1.614330601083638e-05,5.427229128491932,46.8733685882638,796.7727400000713,398641115.89795214,3.596349007247742
112,108.44194483473102,0.0051387994637386615,0.10984070431193785,4.819885960209364e-05,17.71464448564526,46.8733685882638,796.7727400000713,329956753.9475149,8.394482042917987
113,112.18219773848256,-0.0027824360526263617,-0.07524000612340372,1.614330601083638e-05,5.951218019337123,46.8733685882638,796.7727400000713,221775999.53043512,3.6125878752986225
114,107.10251407587484,0.0010064903978141047,0.016032144597475324,1.4543040742209912e-05,8.690144559192298,46.59533369705085,795.7096654160217,397769086.10425806,4.930023083786349
115,105.95830870309923,-0.006683732384444615,0.005211742735991794,1.4543040742209912e-05,4.339664301706833,46.59533369705085,795.7096654160217,238246303.4158369,3.7323378458938565
116,109.63574248903923,-0.002096666871359737,0.04766696112760089,1.4776683507935088e-05,8.73762718621958,46.59533369705085,795.7096654160217,361017646.34791553,3.849611469847927
117,108.08145464455347,0.009121652527385555,0.014630212115575542,1.501032627366025e-05,5.150855013400727,59.804525848875,795.4134591578575,240595136.78262797,3.3487784015693194
118,110.62071622830088,-0.01648473382513487,0.03232994771832068,1.5512845896560354e-05,13.351165639499454,59.77661238526809,794.7656810569604,285889175.88511753,7.378480931428317
119,113.94108465858695,0.010730022426223913,0.23893019814067937,1.5512845896560354e-05,19.673751445421424,59.472571464952495,795.4005900376194,172812041.1120752,8.980403768159434
120,142.04763652661836,-0.004065828458702883,0.2547173941422808,1.574648866228553e-05,5.759581784178476,59.565986902538086,795.8034441122072,530178715.6291258,3.9100157054865194
121,155.28227765299067,-0.0017117497194909619,0.07611305600276451,1.6015365519460458e-05,17.66245108842516,59.565986902538086,795.8034441122072,686889124.033777,25.218255862100058
122,152.0652572953221,0.0100870917358321,0.27100845982211674,1.6284242376635386e-05,32.381746043306016,59.565986902538086,795.8034441122072,809016727.9222977,17.500809028143053
123,167.46709226336483,-0.007562262628331369,0.04868350535841507,1.6284242376635386e-05,9.69514371633012,59.565986902538086,795.8034441122072,662669860.105453,12.632879155516198
124,181.6555189700533,0.0024209621885489894,0.1615257870243896,1.6553119233810314e-05,14.060225016953328,59.565986902538086,795.8034441122072,594537178.2553755,10.526515555168576
125,205.10504512992748,-0.00842300688358762,0.21270783246739733,1.7055638856710418e-05,7.379961156480995,59.565986902538086,795.8034441122072,619991577.4827359,12.626826967538642
126,211.06722717246276,0.019417662346315673,0.2686752357596017,1.6474368531506898e-05,25.766782891144324,59.565986902538086,795.8034441122072,768179037.1338274,12.737170949400385
127,234.85616539911354,-0.0063772557728146925,-0.14832960733743586,1.670492488524815e-05,16.13486476440729,59.565986902538086,795.8034441122072,803594510.0638846,18.613420574012597
128,207.2166272057675,0.0023074497040305097,-0.008696797532258443,1.581068688431993e-05,17.27928072591301,59.565986902538086,795.8034441122072,491083943.8607541,14.432340824645687
129,211.6535075865759,-0.00526674079684898,-0.1795195621953728,1.610261012677491e-05,13.018200146823444,59.565986902538086,795.8034441122072,555712737.3605762,9.919185138850672
130,198.44468545156198,-0.0004034102469565017,-0.05472996719715019,1.610261012677491e-05,19.259837657684724,59.565986902538086,795.8034441122072,495509509.81313336,16.97732244696076
131,191.99513820904522,-6.472645280292144e-05,0.04509563652548466,1.5868967361049735e-05,5.422806008444633,59.565986902538086,795.8034441122072,419263172.9953451,4.96117760989305
132,204.79695292668325,0.0037684686324785718,0.2272577396028942,1.5401681829599383e-05,16.43725407611517,59.565986902538086,795.8034441122072,526036053.5557881,5.770605122969992
133,242.59231981830013,0.003917758888208714,0.14387209210198654,1.493439629814903e-05,10.491161434593506,59.565986902538086,795.8034441122072,406206430.63520086,7.7195906130308085
134,245.99730546074574,-0.003815173490069966,-0.14574140892685727,1.493439629814903e-05,13.564583422491438,59.565986902538086,795.8034441122072,406136527.570928,3.363894117533775
135,239.37516084612054,-0.002225322644632992,0.08173621991022983,1.493439629814903e-05,8.617201499286287,59.565986902538086,795.8034441122072,532473047.2514416,3.38109095886731
136,239.10129352447817,-0.007900091439028138,-0.09227536054266869,1.493439629814903e-05,25.218187155074833,59.565986902538086,795.8034441122072,764920269.1556389,10.738950212806799
137,234.6260938411491,-0.007752032477203799,0.17399915421589673,1.493439629814903e-05,13.06408655817005,59.565986902538086,795.8034441122072,634781892.2164311,9.566120017249998
138,262.94519360244124,0.0009716839499100786,0.23833042889338593,1.493439629814903e-05,7.312904631734201,59.565986902538086,795.8034441122072,999355546.0596454,7.860664983980931
139,285.29883114245183,-0.013637767937447904,0.11613008032093679,1.493439629814903e-05,10.850124098124011,59.565986902538086,795.8034441122072,576561658.2461946,7.1471388396459155
140,316.49275670685296,0.024318960303844908,-0.031052932704506066,1.4700753532423855e-05,34.659751676548,59.565986902538086,795.8034441122072,533988217.778402,16.166834469567572
141,285.6981828792387,-0.006003658509254417,-0.17863567268913433,1.892957373491439e-05,24.111506642165008,59.565986902538086,795.8034441122072,548168438.5977744,10.4991139123324
142,258.65717053239604,-0.005332602128169424,0.2015507466130469,-4.4666582088317294e-05,19.45905939442457,59.565986902538086,795.8034441122072,444505151.7089067,10.923887834932147
143,282.01023802558734,-0.0006221168041021692,-0.08999462737263632,1.4519609293315672e-05,7.776508613120097,59.565986902538086,795.8034441122072,621332832.9828755,6.248691388919916
144,283.5785509222095,-0.006366749510813149,-0.04686102514843532,1.4350039560961572e-05,18.526138985996894,59.565986902538086,795.8034441122072,725509755.9483205,7.415355391328493
145,270.46199477894834,0.009608797871963563,-0.028522299643344646,1.37477248024883e-05,13.625441750792985,59.565986902538086,795.8034441122072,708097063.062784,5.946224512859092
146,260.09171587569546,0.0034282256350151967,-0.11659597325902413,1.37477248024883e-05,24.12225887807567,59.565986902538086,795.8034441122072,580892127.6976216,8.983702394140149
147,254.52602203566894,-0.0037667940207746216,0.10653772186537372,1.37477248024883e-05,18.392070476449636,59.565986902538086,795.8034441122072,618834992.4286249,8.447608877483905
148,264.013437830806,0.006245239001053354,0.03655982454218022,1.37477248024883e-05,20.065943019586584,59.565986902538086,795.8034441122072,549616087.3273448,4.817334189573936
149,268.382843423967,-0.0025908645113288924,0.0680747176780795,1.3981367568213477e-05,19.49733207548923,59.565986902538086,795.8034441122072,563823161.3570029,6.911862370634863
150,277.6412921012577,-3.61004849784019e-05,-0.22246265938645696,1.3981367568213477e-05,4.8377905692826815,59.565986902538086,795.8034441122072,466652956.5161421,1.689644181935308
151,249.89182788260962,-0.006787858168438542,-0.05075599708581693,1.3981367568213477e-05,9.656337610974449,59.565986902538086,795.8034441122072,843822565.5439107,4.01531703838111
152,247.20810054803954,0.007414292994173021,0.038062663412645546,1.4215010333938653e-05,12.888424913111198,59.61707350540132,796.1341626465324,663551978.6808945,3.075891281166334
153,248.24445552864515,0.00011715638967147238,0.10540306201149999,1.3867382774460336e-05,23.104505033330263,59.61707350540132,796.1341626465324,743725191.4880576,6.746176251770006
154,271.8176418559625,-0.01301699184928908,-0.0970980459055745,1.4267508860555686e-05,7.113130439090569,59.61707350540132,796.1341626465324,515021706.41140723,2.1532307192530427
155,274.44996159469383,0.02469583408920742,0.1086880214739917,1.4331581893926736e-05,12.09467078646748,59.61707350540132,796.1341626465324,392685451.00786024,1.7477748888085087
156,281.70288647194656,-8.038637902120461e-05,-0.08846083430551885,1.3729267135453484e-05,15.04535238512918,59.61707350540132,796.1341626465324,838137458.2007649,2.260766888159906
157,274.3919682854366,-0.010751989331813042,-0.29156556076997603,1.3729267135453484e-05,11.139711636429315,59.61707350540132,796.1341626465324,626000483.8517324,9.35091986890443
158,240.48720478860895,0.003804163409718198,-0.08759980021512856,1.396290990117866e-05,1.1885522423655623,59.61707350540132,796.1341626465324,430370891.67977315,4.358435787791589
159,240.70149335063238,0.005244486865848004,0.10687726592043723,1.396290990117866e-05,18.168082415041756,59.61707350540132,796.1341626465324,526586207.6915361,5.641737717658679
160,256.62846430906643,0.008907196962173828,0.19708032177266824,3.057991936471998e-05,19.81973227778788,59.61707350540132,796.1341626465324,633507064.9450479,11.177148744799398
161,285.10991741400994,-0.008430367057802136,0.17337797671699093,1.4412930997461758e-05,13.359716465771912,59.61707350540132,796.1341626465324,371984463.5077991,3.4128059015852275
162,330.18931095792277,-0.006109860139903757,0.08060640514657803,1.4348857964090681e-05,25.820802100257477,59.61707350540132,796.1341626465324,551452663.6316028,13.105475898820474
163,337.94905845951666,0.013574443488692028,0.17243033335242003,3.3926183482137246e-05,8.620107671148151,59.61707350540132,796.1341626465324,558447978.9777327,10.184791166468342
164,336.4123235622553,-0.010473167507545407,-0.1495375490036758,1.4951172722563933e-05,20.320986759884153,59.61707350540132,796.1341626465324,570740224.0141766,10.327475380924986
165,328.7073635310906,0.002717814971714635,0.0461396251259819,1.522004957973886e-05,12.62625593679953,59.61707350540132,796.1341626465324,498867679.7941633,2.2438810241577585
166,343.082652289965,0.012453856210303737,-0.02799186008003264,1.5453692345464036e-05,7.876471434515981,59.61707350540132,796.1341626465324,440029921.83311915,3.7373892281050414
167,347.92346517440916,-0.0026531652746082787,0.0671071414248994,1.572256920263895e-05,6.72535929575171,59.61707350540132,796.1341626465324,535314220.92738605,3.3995587348732785
168,355.65551351029404,0.0014688927507202562,-0.10043591887733973,1.572256920263895e-05,8.888958648544667,59.61707350540132,796.1341626465324,458841801.37075734,0.22294224606333568
169,341.9491338933528,0.006010142101398146,0.10313687227324715,1.5956211968364127e-05,5.765459172759016,59.61707350540132,796.1341626465324,1067462697.8878205,2.2554732945237808
170,363.19152709293905,0.006923140520873345,-0.09028631610977261,1.6225088825539055e-05,8.542743728906881,59.61707350540132,796.1341626465324,897803987.8343437,-0.8962735994132602
171,356.75385302148237,-0.008030537038988268,0.013968243308524683,1.6225088825539055e-05,10.843559474089115,59.62408278837307,795.7907077809165,981422736.6382091,2.396229579917252
172,357.24546242951953,-0.001243829796248791,0.04558105930637973,1.6225088825539055e-05,14.261822423784587,59.62408278837307,795.7907077809165,954199705.4331305,6.25960879413433
173,340.189318211776,-0.0010352443409027247,-0.1765487074289478,1.6225088825539055e-05,10.604832304333321,59.62408278837307,795.7907077809165,830686539.2548201,6.205911410305779
174,301.39611005054235,-0.01715994095633784,0.03512202361394566,1.6493965682713982e-05,7.968992520720827,59.62408278837307,795.7907077809165,736775259.9774833,3.365984999955172
175,318.3177430103017,0.023527710468456038,-0.0403578284333011,1.676284253988891e-05,6.607537770642465,59.62408278837307,795.7907077809165,392437619.2235284,0.9049611455631306
176,324.2474622785596,-0.007863231544437485,-0.03849087271082686,1.7031719397063838e-05,5.572895054875173,59.62408278837307,795.7907077809165,410616292.107702,1.3163398445860421
177,304.3239392565533,-0.016199893618595775,0.07519115648639577,1.7894385429823103e-05,8.032622015635221,59.62408278837307,795.7907077809165,428411770.6962558,0.04745019380170623
178,308.6563574641031,-0.00464279112793197,-0.15747581947329453,1.7715383259072132e-05,16.99339515241339,59.62408278837307,795.7907077809165,449848018.97677946,4.53642609305846
179,278.969831746637,0.016201019060355388,-0.07273878006781759,1.7920187082875983e-05,8.136567474225462,59.62408278837307,795.7907077809165,322448807.8012565,6.311258324243152
180,260.7317030327698,-0.039349952245649224,-0.2512686375218549,1.9083301940979137e-05,13.985361219511034,59.62408278837307,795.7907077809165,419132082.10799676,8.280081640325255
181,241.7842576005911,0.005621295780540672,0.102448502168835,1.938516787410846e-05,7.88563984209588,118.03219147859716,804.264726625705,333799981.527615,3.929396989316797
182,255.31267004376895,0.010032889576447396,-0.13800224478369025,1.8972522937632332e-05,20.37725265415753,117.58321792639052,800.2481615745752,240317110.57017922,5.161908796112078
183,235.73310847573777,-0.03611320387365263,-0.07972978160298624,1.8583537585851887e-05,12.946824097244669,117.648572420429,800.2122806758874,375409958.2422213,6.727642202188768
184,220.2337586253444,0.013365206196387935,-0.07092954345573761,1.9890420523256253e-05,9.064111911399324,117.61280290039188,800.8740167965743,196265403.8381101,5.437251501981005
185,210.42199204113695,0.014721722217294533,0.12049536128502304,1.966257031417235e-05,2.51906016160096,117.25373731217226,799.0290619042589,171090060.13442832,4.694316639091451
186,212.231847297477,-0.0016530716767027467,-0.03539558226906345,1.876833231324413e-05,0.7880626656582361,117.25373731217226,799.0290619042589,539454782.8226366,2.5137083670154663
187,207.09438680691798,-0.019733698169789142,0.005204962096497137,1.906025555569911e-05,12.912506427851097,117.25373731217226,799.0290619042589,387457089.5331559,5.823779075091391
188,215.0197560840937,0.015673729351627284,0.06469847771622891,1.906025555569911e-05,9.657469148169831,117.25373731217226,799.0290619042589,205064140.2843787,4.427861834174544
189,224.10507274556045,0.002490123442277105,-0.030423158128307315,1.9654044731283387e-05,-0.1037348764184185,117.25373731217226,799.0290619042589,374672304.24954605,3.0438795803134986
190,220.18036045041654,-0.011268821410964996,0.27997659675450365,1.924139979480726e-05,24.067826202673288,117.25373731217226,799.0290619042589,539499724.1568481,5.523049790463736
191,236.64617576054695,0.007024681122374311,-0.08270723117689145,-3.9842381299826595e-05,1.0385299359983533,117.25373731217226,799.0290619042589,534430592.50899523,7.13554699941402
192,234.88443106872126,0.005819108679953907,0.04749907624282275,1.9177326761436197e-05,14.816033605311924,117.25373731217226,799.0290619042589,553771523.9562122,5.907902752801093
193,-21.65590568011654,0.001779227898549239,0.02359677501216362,-8.02793902349751e-05,-2.6379358130237307,117.25373731217226,799.0290619042589,387376608.3618827,-3.615400182664219
194,236.87673412960854,0.0071363478061449905,-0.06529929514516383,2.001328428563461e-05,10.363537270210314,117.25373731217226,799.0290619042589,425529170.38215345,8.880366503311977
195,241.65918690831842,0.01103546180335823,-0.010391430700117832,2.4306177521496222e-05,9.104236557934781,117.25373731217226,799.0290619042589,270615612.44708824,6.504553469034259
196,231.27435020963347,-0.004499763690220428,-0.019231126720978847,2.0246927051359787e-05,4.46933320407554,117.25373731217226,799.0290619042589,382231281.60774505,5.390128849484436
197,229.32549009142673,-0.03460812288880662,-0.16892104764530053,2.0246927051359787e-05,17.69872645151431,117.25373731217226,799.0290619042589,241126918.01844567,10.762083681830605
198,208.79540081086304,0.00988916233517334,0.009016894868511495,5.6333224926435676e-05,4.357348964700322,117.25373731217226,799.0290619042589,234415700.80504456,5.573830379627407
199,204.43386580065317,0.005857830974314292,-0.1685023352778521,2.0246927051359787e-05,12.98403426731627,117.25373731217226,799.0290619042589,325451309.03603035,11.544860250094947
200,193.01639912471344,-0.022847329999401714,-0.027736330332636873,2.0246927051359787e-05,3.4341836786536244,117.25373731217226,799.0290619042589,271219530.45392245,6.216404300614084
201,190.92496873224474,0.004156513533051239,0.0034696284592186577,2.0246927051359787e-05,12.367349424504342,117.25373731217226,799.0290619042589,336680511.3479939,9.081694955361051
202,198.6572063457796,0.01515796785986381,0.007109332981747761,2.0246927051359787e-05,8.684554439214473,117.25373731217226,799.0290619042589,312320764.8274928,6.200449352905653
203,198.08911959077315,-0.005731734674358067,-0.018930064544699508,2.0480569817084963e-05,13.958654952976502,117.25373731217226,799.0290619042589,387246746.3404999,7.796370061409774
204,185.83287834200544,0.0006368039711263816,0.11740020198807188,2.0480569817084963e-05,14.897801400950588,117.25373731217226,799.0290619042589,239620612.49204955,9.814381069089835
205,210.04253802968609,0.012601958812762729,0.1295741077628417,2.0480569817084963e-05,13.840943948013406,117.25373731217226,799.0290619042589,232907703.2030589,9.360070656936605
206,218.72343058419963,0.0019200752379861423,-0.16177922938652942,2.0480569817084963e-05,7.6104378991436,117.25373731217226,799.0290619042589,144711697.07411858,4.972861257446661
207,206.40373125341708,0.008946540476041823,-0.036121180360847244,2.0480569817084963e-05,3.474475780737169,117.25373731217226,799.0290619042589,264096653.2012398,1.3098103981587104
208,204.66284582223648,0.01076396297524971,0.05032513827523633,2.0480569817084963e-05,4.219504822169593,117.25373731217226,799.0290619042589,168380041.2773304,1.6642654596873943
209,203.56889297373317,0.013004084703207377,-0.09409569850569563,2.0480569817084963e-05,7.1284243213194305,117.25373731217226,799.0290619042589,220899729.67454526,3.6371253609176666
210,193.85553354704967,-0.015528537764208521,-0.0064642573021897465,2.0119542069090056e-05,1.1241040355215475,117.25373731217226,799.0290619042589,232397924.56239378,1.6523318792304673
211,196.9310182459329,0.019399869633454647,0.19840453570666983,2.066171405619316e-05,12.238839344941177,117.25373731217226,799.0290619042589,225731970.18468368,2.1457312893382934
212,223.05064904608793,-0.001596731199000903,0.14274179412215324,2.066171405619316e-05,12.842137945696079,117.25373731217226,799.0290619042589,298845259.7354924,13.515377126296519
213,226.25330028645783,0.0026952807116086934,-0.005469813740905088,2.083128378854726e-05,11.639288717473327,117.25373731217226,799.0290619042589,345291704.4136621,7.679233541969676
214,229.15237406523386,0.00710743411693324,0.07280618676238995,2.1164721689845575e-05,3.634860829673968,117.25373731217226,799.0290619042589,171237589.2889694,4.215342112948282
215,235.1877461093648,0.003978015440871873,-0.08702001385385819,2.1164721689845575e-05,2.054215011382507,117.25373731217226,799.0290619042589,201551875.5540329,2.038934627627498
216,225.35602796265914,0.010688257453202777,-0.004616972729046461,2.0895844832670648e-05,5.970834811571119,117.25373731217226,799.0290619042589,225777089.51341376,3.0936267083004463
217,224.1100161963715,0.006101712731832399,-0.017426609535882646,2.0895844832670648e-05,2.67789101069075,117.38010943504447,799.9755084415146,237845901.40337762,1.5470966496560943
218,223.99018977649547,0.004200616365626758,0.1401098536689135,2.0895844832670648e-05,11.1221738914355,117.38010943504447,799.9755084415146,282597757.0098927,7.25853233716068
219,233.0599693250246,0.001698372001708024,0.24206604907510088,2.0895844832670648e-05,21.52026766784618,117.38010943504447,799.9755084415146,280275559.757813,4.683206982322999
220,275.12006324900443,-0.004744295594274691,0.05050493794820304,2.0895844832670648e-05,3.8642145848766436,117.38010943504447,799.9755084415146,349807634.59703326,10.576827650524896
221,267.33303905573086,0.013101369638341341,-0.03895265038981377,2.0895844832670648e-05,11.246028225371777,117.38010943504447,799.9755084415146,229321572.43932015,5.314049506658604
222,265.79792952975146,-0.023550508994620436,0.03236311291635711,4.074662531960887e-05,17.562856322760133,117.38010943504447,799.9755084415146,299292017.5940876,5.986493694602239
223,269.5002185073227,0.01133192510908853,-0.07054578961149872,2.0895844832670648e-05,5.4224923663968925,117.38010943504447,799.9755084415146,265213735.7614802,3.1985179978964506
224,257.301821178498,-0.007115826223613963,-0.06376822795876744,2.0895844832670648e-05,5.661504383243413,117.38010943504447,799.9755084415146,256855272.07167408,2.742531522148504
225,257.68341049591214,-0.02164135117471763,-0.19076808450136004,2.0895844832670648e-05,20.12120157588381,117.38010943504447,799.9755084415146,246364673.32768804,8.765339554067126
226,226.411456015729,0.014643641930951298,0.05885449229505405,2.0895844832670648e-05,5.59457212229071,117.38010943504447,799.9755084415146,237649604.01318184,3.783812534010419
227,235.26743519721796,-0.00900472679989126,0.0062659048700932,2.062696797549572e-05,2.818671711663392,117.38010943504447,799.9755084415146,218627411.0730914,3.292572289060564
228,229.9748510574498,0.004419850117531377,0.1502961796280286,2.062696797549572e-05,13.39453935593633,117.38010943504447,799.9755084415146,185952421.76959634,5.557041122763156
229,253.6873784385471,0.007794229400304885,0.047637179853849416,2.062696797549572e-05,7.047825712515198,117.38010943504447,799.9755084415146,285508449.16894746,3.361889371749572
230,263.9541119551337,0.006226716344046623,-0.006320591783594297,2.0358091118320792e-05,5.725417217776777,117.38010943504447,799.9755084415146,220379952.44286117,2.789788672663207
231,259.8878550108372,-0.002643165274537259,-0.07815276305590187,2.0358091118320792e-05,12.42000217303203,117.44319298179028,800.080647686091,181687812.33997014,3.4630264107199293
232,250.985946080805,0.024001856166190445,-0.0487231182514594,2.0358091118320792e-05,3.24483380037391,117.44319298179028,800.080647686091,259535075.88670084,1.0915715852613648
233,245.54250350104164,-0.0024061249853725387,-0.11798349857636929,2.0358091118320792e-05,3.3311998438126,117.44319298179028,800.080647686091,179647997.7859346,-0.09146153208165742
234,238.84592038763375,-0.024265565454237522,-0.006370895042985079,2.0358091118320792e-05,10.369934273798576,117.44319298179028,800.080647686091,143744068.20594886,3.5643305299453525
235,234.82253674328993,0.01171166139109581,0.08489305310931292,2.0358091118320792e-05,6.201072538140879,117.44319298179028,800.080647686091,157830873.0418004,3.8021605895389277
236,247.0515997929618,8.34783564555245e-06,-0.020035121775999625,2.0358091118320792e-05,4.591120282106747,117.44319298179028,800.080647686091,171217854.27218133,2.513343658823686
237,246.47766064669884,-0.007099787771089821,-0.17251919837672477,2.0358091118320792e-05,16.55371657309612,117.44319298179028,800.080647686091,239723431.38183635,5.767556268369138
238,222.11220773949935,-0.005371442699878118,-0.1557496252184934,2.0358091118320792e-05,12.889465481337927,117.44319298179028,800.080647686091,71620629.36444566,5.022698587943129
239,203.7875738864842,-0.005063226248709913,0.04589902629544484,2.0089214261145864e-05,9.060515642655485,117.44319298179028,800.080647686091,104573957.67968242,2.3109080294460598
240,212.6157780332235,0.003312853034320107,0.19274684229552083,2.0053980169696112e-05,16.984626177912382,117.44319298179028,800.080647686091,122880418.15736997,5.197904821786187
241,234.7482243681991,-0.013311753947106906,0.04285749950551322,1.9692952421701192e-05,10.473669434231875,117.44319298179028,800.080647686091,235273269.7146435,8.795765466453597
242,238.203296739003,0.01286633772494776,-0.05010636207666092,2.0327275299624274e-05,8.9023922549821,117.49121946873957,800.5092427291597,141515341.13969687,5.472102810143844
243,238.61218910086694,-0.004189126097103771,0.07029169355534857,1.9516226455346256e-05,7.185706495714569,107.12822536818663,800.9089127867051,152807119.9785359,4.925737071317067
244,247.45536067922782,0.01077855435736828,-0.17974607010445856,3.406594538831198e-05,16.171727230292895,107.12822536818663,800.9089127867051,121106598.1195089,5.901955218421289
245,225.3310423461972,-0.0033153207422098336,-0.03695952621852467,1.8797203313224908e-05,6.800991281387141,107.1378363231923,800.9537639100647,67862401.92379296,3.351431911769004
246,218.78275411381318,0.015894502589544432,0.09093879722555842,1.6804411498316965e-05,11.074579843115643,106.9858158630345,800.3099125493964,87749964.40374629,3.9319684734819944
247,221.4405828010101,-0.012939099098808405,-0.1525362756008209,1.709633474077192e-05,11.74533855260584,106.95954277121355,800.1785470902917,144155287.71062738,4.514433758819467
248,205.6977166041177,-0.006195373899675985,0.0035587806991032554,1.709633474077192e-05,3.580829131933685,106.95954277121355,800.1785470902917,121413875.13597617,2.1567394298183613
249,207.8023820725993,0.007808482094229598,-0.0663470433822122,1.682745788359699e-05,11.434534482898002,106.95954277121355,800.1785470902917,226341850.7141219,3.2711254638851526
250,212.31387773389415,0.006752624128929335,-0.09355236434857911,1.682745788359699e-05,13.624364456688083,106.95954277121355,800.1785470902917,321370890.8941569,2.650676312031637
251,204.94013653441908,0.005576356926572993,-0.02695298757207373,1.7365211597946847e-05,3.7316817324913165,106.95954277121355,800.1785470902917,126036461.54861179,2.2293855118373926
252,189.42002808298298,-0.006411191996035324,-0.0012064095155007422,1.7365211597946847e-05,3.9629018091408823,106.95954277121355,800.1785470902917,110740644.84709844,4.031497708700379
253,191.0286205869272,0.03553346963202055,-0.01168386951280595,1.7365211597946847e-05,10.237901720285592,106.95954277121355,800.1785470902917,411208687.28809315,6.433977965802955
254,185.93820609449605,-0.03192714225876825,-0.017143031126060485,1.7365211597946847e-05,3.0091640100253634,106.95954277121355,800.1785470902917,350116991.6423743,2.678328093541431
255,184.97889645930312,0.00495428166769755,-0.11387042280207099,1.7365211597946847e-05,6.5468007968046225,106.95954277121355,800.1785470902917,197980477.187587,4.964211399966939
256,174.7738429347886,-0.0032280878976598745,-0.10850409333173164,1.7365211597946847e-05,8.996710872209016,106.95954277121355,800.1785470902917,187050120.27191985,5.91491158619987
257,164.70145086765098,-0.025345106140814033,0.09881630548328219,1.759885436367201e-05,12.918613750753563,106.95954277121355,800.1785470902917,234549545.5884197,4.5031168217097965
258,165.40592329275518,0.02321371201185118,0.17008290202491796,1.759885436367201e-05,15.982354477429391,106.95954277121355,800.1785470902917,175091603.863943,5.9557729201321425
259,183.98306560552064,-0.04553667543443576,-0.0976457987856926,1.7959882111666943e-05,-4.79305413208595,106.95954277121355,800.1785470902917,153362034.48022085,-0.8405212161828546
260,182.7491886297122,0.014467118769438583,-0.010169215875841823,1.7148833267388926e-05,7.648898021423627,106.95954277121355,800.1785470902917,267696626.52597558,0.409093454421259
261,178.9415586319946,-0.03634510364750444,0.022272548645971165,1.6879956410213998e-05,3.305849711329964,106.95954277121355,800.1785470902917,125920542.89498663,-1.240997315392403
262,170.95759794410412,-0.02144007934869941,-0.06334178175788534,1.694402944358506e-05,1.26526804542865,106.95954277121355,800.1785470902917,200101419.1784739,-0.31253065494061194
263,172.50988050886838,0.017333626563214112,-0.038987095902542436,1.6049791442656835e-05,8.94269141026459,106.95954277121355,800.1785470902917,121924738.59653033,2.3809633000515524
264,165.3236612896642,-0.029496906019400984,-0.09395143340936556,1.6072837827936875e-05,6.404836521728807,106.95954277121355,800.1785470902917,198030178.4681022,1.6773614887646047
265,163.23984581120197,0.03376487894661896,0.012439615131042926,1.6072837827936875e-05,7.474586417296122,106.95954277121355,800.1785470902917,234534383.69221553,1.4485806216538726
266,166.23179107331532,0.019566506450800377,0.07626973515053162,1.5803960970761947e-05,4.989734337885549,106.95954277121355,800.1785470902917,284799810.9820522,3.155532214595655
267,163.2042557271328,-0.007100273687850154,0.002414415226689554,1.6164988718756867e-05,12.81451035865414,106.95954277121355,800.1785470902917,202463262.3849107,5.898242645172138
268,164.48138775605165,0.012114384592617659,0.18419039927249226,1.5587582640204026e-05,18.60966704924287,106.95954277121355,800.1785470902917,339703436.35028744,7.758029779280897
269,184.15733782560014,0.00015627475470603516,0.025301280645849883,1.5587582640204026e-05,5.94871474261811,106.95954277121355,800.1785470902917,449984955.39324534,5.4123064236710245
270,188.44423325368822,-0.008927208228805442,0.047514454814697016,1.5651655673575102e-05,9.332313322261204,106.95954277121355,800.1785470902917,351762663.6781651,6.208247310905239
271,186.87383597686863,0.002037422388247078,0.10592228732960918,1.4488540815471956e-05,10.170121767653683,106.95954277121355,800.1785470902917,181276506.35805672,6.9210780484126095
272,199.66762745069352,-0.0052127241143632335,-0.04873056577138794,1.4780464057926937e-05,2.605980123777802,106.95954277121355,800.1785470902917,142116100.1081781,0.4107356065181731
273,203.5615503656779,0.025547775419287544,0.04739572166056259,1.5141491805921857e-05,12.287903158401534,106.95954277121355,800.1785470902917,122186128.2510773,4.122606973358798
274,218.79752084017602,-0.02343729181474227,0.1117738032673532,1.4599319818818754e-05,10.361710644115652,106.95954277121355,800.1785470902917,178601698.01039323,0.2549956218250172
275,225.0452192181052,0.0339532952682335,-0.006852241897747929,1.4365677053093578e-05,0.8342261509345374,106.95954277121355,800.1785470902917,109279507.17040074,-3.6952983108715385
276,226.31693783715104,-0.013360905251766905,-0.20852707470328108,1.4429750086464654e-05,2.1637776444277645,106.95954277121355,800.1785470902917,-20275680.82549694,-5.484995799462837
277,218.73052824110673,-0.007926179152101231,0.1287739517953569,1.3535512085536428e-05,0.6384045492830346,106.95954277121355,800.1785470902917,247764107.3628838,-4.8006738473782855
278,222.5882294046108,0.0019119915071489947,0.11431730832142965,1.3827435327991382e-05,9.38989405438433,106.95954277121355,800.1785470902917,227634710.52649137,-1.0253240610411491
279,238.5414526815254,-0.020687818770712112,-0.06052675058671698,1.409631218516631e-05,8.956339357829295,106.95954277121355,800.1785470902917,398916164.1294272,2.5617103811083766
280,228.77494624198235,0.016157609201280173,-0.06286055963047718,1.4365189042341238e-05,3.550884125369214,106.95954277121355,800.1785470902917,348769751.55050427,-1.1357147338861562
281,225.98309390297547,-0.009270135084014959,-0.04960770379500911,1.4365189042341238e-05,5.321673776568002,106.95954277121355,800.1785470902917,329713270.5426782,-1.1120168446673298
282,223.62679989331494,0.001994254724174395,-0.009675248768296127,3.3340199801914545e-05,2.7215401175780154,106.95954277121355,800.1785470902917,188879658.94893828,-2.507316339187778
283,219.48110926777028,0.008795750927872568,-0.10766159351733756,1.4365189042341238e-05,1.6046175268119676,106.95954277121355,800.1785470902917,265542904.7044536,-4.364010617440969
284,212.91093629862243,-0.009373859971596163,-0.1968277305742771,1.4365189042341238e-05,10.46641775665542,106.95954277121355,800.1785470902917,345219317.124263,-0.039333370240073995
285,191.74331480776402,-0.026711103982165224,-0.09214727903425465,1.4365189042341238e-05,9.082116412382653,106.95954277121355,800.1785470902917,150770528.5466547,-3.462456242121954
286,189.50817686845738,-0.0009794948779327586,0.13916529614569298,1.4365189042341238e-05,1.2061969556351109,106.95954277121355,800.1785470902917,322795608.19045043,0.09159687167562236
287,183.86088496016848,-0.012944034145852733,-0.010277937524330483,1.409631218516631e-05,-0.2314588854985411,106.95954277121355,800.1785470902917,314674290.08839685,-0.8881188175690224
288,186.2305397457213,-0.005509668087958197,0.04215280030856451,1.409631218516631e-05,6.793797793462821,106.95954277121355,800.1785470902917,322391813.8928165,0.45605298564176844
289,183.15825392513634,-0.01511349465854535,0.10340745304083084,1.409631218516631e-05,-1.0402620293303393,106.95954277121355,800.1785470902917,270911051.44599646,-0.4833665977172379
290,187.88627477029715,0.01870166175791661,0.21212207767525493,1.409631218516631e-05,5.8127944148039195,106.95954277121355,800.1785470902917,208570362.08204323,3.694977095786976
291,212.6513314196921,-0.01785273328024544,0.12187423279439563,1.409631218516631e-05,5.518774117033682,106.95954277121355,800.1785470902917,238534351.65897825,12.588489319722209
292,213.72309940618157,-0.062029930696681904,-0.1623125852986126,-3.47378151629724e-05,4.728759051658922,106.95954277121355,800.1785470902917,390120019.45867115,8.560169024125438
293,211.45080773644992,0.05798755236301825,0.17552529069497042,1.3862669419441134e-05,19.508916386015954,106.95954277121355,800.1785470902917,294843018.591629,6.813640586883677
294,229.80190244250898,0.016926059514415618,0.061701268817350816,1.3862669419441134e-05,11.354559967556664,106.95954277121355,800.1785470902917,203151326.31332445,5.017001988616315
295,242.77097976630148,0.027559939069999415,-0.01836046239066214,1.3862669419441134e-05,7.922453276474818,106.95954277121355,800.1785470902917,179949400.20032474,2.2516335113151698
296,221.18175332195167,-0.021607787330476854,0.03195603712298561,-4.449644340661861e-05,8.804911514910764,106.9034685074395,799.8187372310749,198840252.45308918,2.466988863356207
297,241.16746799522173,0.0018883814584756357,-0.03397029397660914,1.3629026653715958e-05,7.779540311599737,106.9034685074395,799.8187372310749,241924879.4273801,2.5387126467302696
298,230.69616566905106,-3.8997688612694786e-05,-0.0957247272863174,1.3862669419441134e-05,5.692378692944633,106.9034685074395,799.8187372310749,214809351.75958633,2.4828480694318116
299,225.79847973137038,-0.022889551027231066,0.02599378037212571,1.3862669419441134e-05,2.4270963941678407,106.9034685074395,799.8187372310749,140696570.09142357,2.61652818043528
300,223.0008101450887,0.009559884898541836,0.08877004288350387,1.3862669419441134e-05,7.487153341265191,106.67135165332373,789.0877731309466,238220075.33834225,2.4426605444046525
301,227.61056733600338,0.0008221297299395068,-0.18425239724483214,1.3862669419441134e-05,11.476725513430011,64.62415979424394,482.0262394359982,191748824.90474284,6.132710568144315
302,207.20230584730513,-0.022162930756150896,0.08550257653724919,1.3862669419441134e-05,12.51552060257887,64.62415979424394,482.0262394359982,156811258.61263445,2.8025751971506594
303,220.25576652211805,0.0324800304252598,-0.07047079094393528,1.3862669419441134e-05,7.964342125636126,64.55880530020545,480.9478902843631,123857984.77265745,2.8644062086465496
304,205.92547506581403,-0.009221494766079507,-0.0017287405763650072,1.3629026653715958e-05,3.5417063039349634,64.55880530020545,480.9478902843631,138992119.1202272,2.8279960357556613
305,215.7650126953854,0.020760637751963,-0.1338778317279276,1.3629026653715958e-05,5.601690391269379,64.7376529003911,475.18005517837605,122810775.2684646,0.166232187864141
306,200.66190103518673,-0.06064315205428775,-0.28594818599238797,2.8872096579702654e-05,8.819342183121588,64.52162970097442,468.5446398773745,80798000.52744699,-1.8419807537968307
307,174.8688061944951,0.06485428938783247,-0.06087559704566284,1.2961554135660799e-05,-5.096666673171274,64.52162970097442,468.5446398773745,56332938.18099274,-0.046968897500385354
308,177.00281430202185,-0.06860917806007658,0.052264102367038934,2.8833070861019614e-05,10.958001843170864,64.52162970097442,468.5446398773745,152963808.69974473,0.09461489408882129
309,183.65343177754036,0.039087132147675896,0.01069480117044578,1.3243078590803938e-05,4.258817390938277,64.52162970097442,468.5446398773745,267057077.9014751,0.8989979500287628
310,183.2228866525399,-0.05835711347957813,0.05457204499824393,1.3243078590803938e-05,11.1803456146221,64.52162970097442,468.5446398773745,257988717.38074508,3.62415070807699
311,172.92921600492977,0.03583951309940095,-0.07470894065330816,1.2348840589875705e-05,4.789772637495421,64.52162970097442,468.5446398773745,140524795.46779332,2.1369144953688792
312,175.19664010206534,0.00611093751542395,0.1588374427043187,1.2640763832330686e-05,0.9386877305017043,64.52162970097442,468.5446398773745,352020764.0172348,1.9649495623067068
313,181.85978134470557,0.03508501919659624,-0.014570330191507734,1.3480614485957065e-05,3.403588084572039,64.52162970097442,468.5446398773745,229394965.33790687,1.2815009135487687
314,168.76537100730727,-0.06744291430747433,-0.10473198716855073,1.1973291314275513e-05,6.637747088205507,64.52162970097442,468.5446398773745,341253887.3894187,1.7576886549036224
315,159.92944638598829,0.08919864068608939,0.07616917596317034,1.3299470246848889e-05,-6.747376531689464,64.52162970097442,468.5446398773745,104425842.27425659,0.32548258144566605
316,154.0698149029015,-0.07333876999894039,-0.11618894197378773,1.1856220108538407e-05,-0.7607985301965243,64.52162970097442,468.5446398773745,191909014.86232662,1.4661437161282131
317,144.05768735500627,-0.08215747076979767,-0.12335310498816687,1.3182399041111796e-05,3.851303629579075,64.52162970097442,468.5446398773745,269142453.4152467,4.793198816581071
318,135.4722731267617,0.059399324056946215,0.22102545782270364,1.0844910901873088e-05,19.204304515296442,64.52162970097442,468.5446398773745,204057730.6978398,3.5067546726907826
319,168.0527955280885,-0.08448015526675125,0.20702402470717474,1.1354285566100138e-05,0.6720865862395939,64.52162970097442,468.5446398773745,186115636.58559376,3.15927112384067
320,181.46498949050036,-0.0037806410317420477,0.13947512849340993,2.968662248024616e-05,13.001195779790747,64.52162970097442,468.5446398773745,285357768.0331897,14.808974537706
321,190.93621932517178,0.011701268241438356,0.006356163917350562,1.161063197668935e-05,8.340254230190936,64.52162970097442,468.5446398773745,244038913.68093997,12.360327325801775
322,190.16830230223448,0.004014149225376927,0.033807186812648035,2.2787746907286512e-05,7.914522861449755,64.52162970097442,468.5446398773745,284570361.4261675,6.436235701330582
323,188.45593061243096,-0.009169997215721069,-0.042215203507265826,1.3723588457279646e-05,-1.053683326941333,64.52162970097442,468.5446398773745,112664513.58640827,0.7551298471386478
324,188.5453349821381,0.05483002858801686,0.19872154485037036,1.0032584843416515e-05,19.196853675127617,64.52162970097442,468.5446398773745,268769424.0432125,9.251967111714865
325,213.13000010680975,0.002478334641147273,0.05775039588999131,1.0891246012478985e-05,23.473094022428075,64.52162970097442,468.5446398773745,282237015.28988224,13.428318258193643
326,213.7368241988981,-0.022685753555211213,-0.01341589335866801,8.570181449253932e-06,9.011187547673146,64.52162970097442,468.5446398773745,343594326.98445165,11.27920381310542
327,223.73602959479928,0.023775002932336975,-0.059400825768610374,8.862104691708913e-06,4.573061020386309,64.52162970097442,468.5446398773745,280490225.9757106,6.053347191532916
328,223.79985333919475,0.002345865754431903,0.04717246980102036,9.874144249172429e-06,4.141165388549517,64.52162970097442,468.5446398773745,424816223.6066036,6.463333269595003
329,228.23243848229865,-0.014777190485402061,0.03199642488594902,9.539621621663233e-06,13.028178351893963,64.52162970097442,468.5446398773745,427755429.6288455,11.692098655538631
330,229.3309219711142,0.007398713355804576,0.026792720238408004,7.4521998241633425e-06,3.0428344871954267,64.52162970097442,468.5446398773745,304828395.0640248,6.352755467307137
331,226.4808847159519,0.004969632051192118,-0.012259812428947171,8.756162624081799e-06,8.73897526145865,64.52162970097442,468.5446398773745,267760937.5703449,7.070031369919459
332,237.2364790556133,0.0023392433516982282,-0.018063676518250693,8.639091418344733e-06,9.444955735711972,64.52162970097442,468.5446398773745,311702169.3266256,7.26199918321608
333,232.03103301509074,0.04919390143874461,0.145917475347777,6.615742654215885e-06,11.463973349772377,64.52162970097442,468.5446398773745,335441451.207981,11.543948119583366
334,246.05327312653213,-0.06508258501401666,-0.031213167752067165,6.230879317514729e-06,7.904330437967564,64.52162970097442,468.5446398773745,253656324.10833377,9.766630569319187
335,240.18548995030562,0.020709056049830827,-0.04692665165463991,6.804327015112842e-06,4.903101489005932,64.52162970097442,468.5446398773745,220461582.2879415,7.639771595928958
336,239.77649924368694,0.015523660734822038,-0.015346956572016693,3.823147190156297e-06,2.689326193738526,64.27964052951698,463.938779313968,307942359.28912395,4.606562711920254
337,242.1431371794821,-0.001576608443910412,0.0379224684326267,3.2208324316830323e-06,4.8325829752860265,64.27964052951698,463.938779313968,219486942.40017983,4.875821608175234
338,241.81460778241174,-0.03388458053127682,0.029531901761770427,3.7816325313129345e-06,4.567139434119808,64.27964052951698,463.938779313968,229882292.16877115,4.98549286004882
339,245.8214882185488,0.04533588922414288,0.00567614969455885,4.050509388487862e-06,5.574326716450012,64.27964052951698,463.938779313968,175860099.65267473,4.427001094167022
340,248.23837888125126,0.0006987305375806161,0.03121732855192082,4.31938624566279e-06,17.617783910002956,64.27964052951698,463.938779313968,182644037.71788093,7.30108397696676
341,248.95382804437577,-0.001078233998974964,-0.11971866088826948,4.31938624566279e-06,1.3836570109777095,64.27964052951698,463.938779313968,169127084.65363348,3.03100342991031
342,241.9630202479485,0.02729612520345899,0.23741515806597352,4.588263102837718e-06,15.015829728918478,64.27964052951698,463.938779313968,262384696.79814863,7.255601317189292
343,264.39974277411477,0.0014119550288803004,0.11695566019861608,4.588263102837718e-06,5.518828390316601,64.27964052951698,463.938779313968,117905239.95697868,6.122448647426134
344,287.2816518676074,0.00753588764672909,0.006294656419022465,4.588263102837718e-06,9.687208706246114,64.27964052951698,463.938779313968,258298022.2875756,5.633642540345462
345,287.74948169146165,-0.041378854695260495,-0.01792735648935512,4.588263102837718e-06,-3.438372283806763,64.27964052951698,463.938779313968,284062438.09273064,1.1374559035824672
346,281.1925349827774,0.02197617719739929,0.14376716323711486,4.588263102837718e-06,10.355706001096987,64.27964052951698,463.938779313968,538797851.3619134,2.633525288810292
347,298.2027966127255,0.004569051655364595,-0.044247108320551454,2.0912918295036196e-05,3.9777507444058076,64.27964052951698,463.938779313968,327471782.0918165,2.2160744189478656
348,287.725228969417,-0.004372314478860968,-0.06383270258785119,4.588263102837718e-06,0.7168652646600888,64.27964052951698,463.938779313968,287535844.1805079,1.2274156904468498
349,288.5351255333795,-0.023157538477711768,-0.02288169474378249,4.588263102837718e-06,-1.476053508520251,64.27964052951698,463.938779313968,275631346.89833474,0.5206730527737524
350,288.0791794194415,0.016500567237758577,0.024485786688577538,5.663770531537423e-06,0.9895067999269926,64.52162970097442,468.5446398773745,273158939.7068296,-1.258454846249773
351,290.85768510969535,0.0036714151803858503,0.06544207544466885,4.588263102837718e-06,3.9036406502122585,64.27964052951698,463.938779313968,423715076.63455987,-0.15472530981322663
352,297.0376285076447,0.02262548516546812,-0.15171682924536756,4.588263102837718e-06,5.255054251979864,64.27964052951698,463.938779313968,708820043.7515434,3.6493473172548008
353,288.2450158756504,0.011006293294693277,-0.03262087332789197,4.588263102837718e-06,1.2423125055322999,64.27964052951698,463.938779313968,437575007.89216745,1.8417669373972927
354,280.0233475545454,-0.034382553687907984,0.04792491545120096,4.31938624566279e-06,2.0063809067795555,64.27964052951698,463.938779313968,971365721.1054869,3.606878786197418
355,282.0872762786068,0.021365474404474675,0.08445784046611965,3.7816325313129345e-06,12.566122308626086,64.27964052951698,463.938779313968,896686834.8603044,7.023081355448671
356,294.20604833600436,0.020024186665027192,-0.07326411072620159,3.243878816963079e-06,4.577694916469779,64.27964052951698,463.938779313968,697377123.3787668,5.359235450506857
357,286.70413497207176,-0.012041772234407671,-0.004709426049789273,3.0102360512379028e-06,14.105372650674804,64.27964052951698,463.938779313968,608753877.0326107,3.4698698336338016
358,301.40736545754964,0.017681145745885623,-0.03621560283092349,3.243878816963079e-06,0.022489119940479085,64.32636908266201,464.0135449990001,479109184.9942857,0.5856321080532192
359,302.273259005575,-0.01716133373801203,-0.12282085654831242,3.243878816963079e-06,8.778655428357755,64.4009044187179,466.2453115243892,392859781.31071204,4.3593656521066855
360,272.7450076578152,0.026465818754877857,0.11614080687725699,3.243878816963079e-06,6.401930836944296,63.53740978674517,642.102886075244,443421378.61382085,3.431401266240579
361,286.6747796796584,0.0005518685461182171,0.13422407231369043,3.243878816963079e-06,10.845486640624735,63.53740978674517,642.102886075244,477688578.07129383,3.5336154467625196
362,310.6451980114931,0.02501577931545421,0.15767539422215782,3.243878816963079e-06,11.837756946865985,63.49174498817303,641.9767642506162,395449231.59322935,8.11712744054446
363,331.81171318565345,-0.030332111701332966,-0.04500600466417792,2.9750019597881577e-06,-0.006299907928977833,63.57824358322397,642.284955541131,344190613.9323779,2.0590032397832427
364,327.78858119691535,-0.013111171412769244,0.008961928970095321,2.9750019597881577e-06,3.281107731375486,63.014873642639195,640.4696523992467,485177031.26506126,1.7886889946724844
365,327.8581705155401,0.003979979498925942,0.021906618398772712,2.9750019597881577e-06,-0.8261396295395644,63.014873642639195,640.4696523992467,351667293.9364609,0.43523147786965455
366,334.20734999839465,0.009455740958804148,-0.01803510509374647,2.9750019597881577e-06,2.10260078927745,63.166673728715786,641.6052338123965,382993237.57642484,2.2443943041425514
367,327.7719528090295,-0.00331261143266375,-0.2052338712988159,3.500713238304616e-06,15.906662156755647,63.166673728715786,641.6052338123965,335441714.749869,6.336885739345311
368,293.09882932686963,-0.04561211674763079,-0.05418034633793443,2.307529441732978e-06,7.008746311411394,63.166673728715786,641.6052338123965,486036544.4264384,5.5018842561925085
369,290.58049864942444,0.023738767028578696,-0.04581826265575942,2.307529441732978e-06,7.728991486021985,63.166673728715786,641.6052338123965,235833017.8397515,3.423213634402474
370,281.3514714841868,0.03327830154535417,-0.09451568785434178,2.5249808635050537e-06,9.712843016041399,63.166673728715786,641.6052338123965,248591092.98676556,14.2195886929023
371,266.4949770375921,-0.047334784682069544,0.07639041601239789,2.58905389687613e-06,6.707756571179856,63.166673728715786,641.6052338123965,236934588.4817893,6.421051182919967
372,269.2397437263337,0.008113140006024104,-0.12213870285952787,2.758280888814239e-06,6.525668748292107,63.166673728715786,641.6052338123965,223921967.611726,5.366638903382528
373,261.01621430453054,0.024503976328594704,-0.027261024768450593,1.5650970922425738e-06,5.959192016655458,63.166673728715786,641.6052338123965,272597488.19904804,4.812384092522335
374,267.22765923502254,0.019386198788672374,-0.02204630684635911,2.651608470388941e-06,3.3892835419184557,63.166673728715786,641.6052338123965,375096576.92769563,5.178569479495704
375,258.8093125812675,-0.0251935817824364,-0.07565324422732601,2.1783957184894827e-06,3.6001905152286175,63.166673728715786,641.6052338123965,693716928.2347114,5.284929403889984
376,248.74391831281724,0.026542519421762927,0.05624893295761088,2.242468751860532e-06,2.1267343957511953,63.166673728715786,641.6052338123965,799603923.5868092,5.99523211958824
377,247.46402303150228,-0.00586204247507587,-0.03314452048063357,2.6291471655707366e-06,0.8138803491182445,63.166673728715786,641.6052338123965,306725655.1406419,2.9344075529016385
378,248.46601107384302,0.01218316782879393,0.03974651295919016,1.5000364023701413e-06,6.613187301362586,63.166673728715786,641.6052338123965,213502295.86446428,6.1268864481983005
379,256.8717944710198,0.00026857709048258224,-0.0985621466514218,8.977216438968967e-07,1.8437843748294025,63.166673728715786,641.6052338123965,165348366.4446174,1.549862638457007
380,250.67420708439312,0.0006656467301211387,-0.11780587480471376,1.115173065668979e-06,-0.3954096797300055,63.166673728715786,641.6052338123965,143240231.33454144,-0.8129622733756176
381,243.300047438396,-0.01840528990593264,-0.05662242017058286,2.534634334361337e-06,-5.669334232104686,63.166673728715786,641.6052338123965,123278095.70459339,-1.3179011782999415
382,238.2374620968925,0.052886030299014695,0.1555048184965093,1.2418006725528597e-06,10.19210313107369,63.166673728715786,641.6052338123965,225277471.50522006,4.537633876140214
383,249.19204441589966,-0.042821950178963175,-0.12065307242518049,1.0768477773977908e-06,-3.4110429908965707,63.166673728715786,641.6052338123965,133005492.58140275,0.3144355366004452
384,241.8368093244625,-0.01828241607487054,0.051129875706869804,1.187626780744589e-06,1.791774001694693,63.166673728715786,641.6052338123965,230452472.02660233,1.5712207015367274
385,241.89926172341703,0.010329768937208073,0.027160673273393696,2.7596743931608276e-07,4.031751650683585,63.166673728715786,641.6052338123965,148599214.54236776,3.198977203841358
386,247.7721164697189,0.006976438943152425,0.04170618983852107,4.578420292224156e-07,5.998791802583868,63.166673728715786,641.6052338123965,128068808.97864991,4.935079567731841
387,256.3399424610344,-0.024539865951309994,0.027813818753093064,-5.534671774429166e-07,5.272874174929548,63.166673728715786,641.6052338123965,238270098.3385887,6.443831376361901
388,263.78727421080424,-0.008360193902262586,-0.03584977770847479,-2.284892699116743e-06,0.7812809462834254,63.166673728715786,641.6052338123965,122400419.64117408,2.5138658852073124
389,262.88845323571394,0.016790533371181977,-0.17241263641058657,-2.1672364129178217e-06,12.659538212325169,63.166673728715786,641.6052338123965,145772091.63718837,9.957912961229741
390,238.9557743867988,0.02538524042612203,-0.002244309967286317,-7.992005796282752e-07,4.234266135260356,63.166673728715786,641.6052338123965,253231025.03933087,5.98820561252158
391,230.7621008358576,-0.0018431453929007458,-0.05444296801606097,-2.5306261013021287e-06,-3.0293996984504696,63.166673728715786,641.6052338123965,182938521.4168877,0.4025745428036677
392,230.0047478645626,-0.003498587907589334,0.0658376649123601,2.6243499651484005e-06,3.3241374022247507,63.166673728715786,641.6052338123965,249753015.6880797,3.8142669046420905
393,238.43678984487778,0.008231815535860162,-0.08912023955378649,-2.6466125808283767e-06,2.326065022327726,63.166673728715786,641.6052338123965,220582219.4520652,2.1958992439102136
394,230.42307518492322,0.007790954779299467,-0.008520628808832562,-2.2906163050023326e-06,0.8463958074407967,63.2984233887315,642.5436140439369,254506527.40874848,1.7767635258915506
395,224.46795899956157,0.007383750286072882,0.053827786977644954,-3.1848543059305584e-06,-0.9814844030075065,63.2984233887315,642.5436140439369,278048895.57422215,1.628010152989757
396,214.1597186758619,-0.03150421917842312,-0.05098408597757622,-4.799811091197565e-05,-1.2118468546627983,63.2984233887315,642.5436140439369,281365547.9142108,3.3558060249811206
397,216.42683651084903,0.009917368654057585,0.17941569138637267,-2.8929310634755908e-06,19.432630428831093,63.2984233887315,642.5436140439369,321435644.6684756,10.583163955739646
398,240.65041128154908,0.04257473198775262,-0.007918974244749362,-2.8929310634755908e-06,4.4725702996973435,63.2984233887315,642.5436140439369,184420671.8244642,7.4762878623067985
399,240.19094063796507,-0.03252817562323645,-0.04900229724129686,-2.8929310634755908e-06,3.6382229536389774,63.2984233887315,642.5436140439369,197959162.483625,4.406056479863347
400,230.0688528476466,-0.0023095263813897836,-0.07487349628125362,-2.8929310634755908e-06,4.83854072703553,63.2984233887315,642.5436140439369,134181031.05529524,2.892063943256721
401,221.94212142886317,-0.01592119393311312,0.12725082429823273,-2.624054206300656e-06,8.494561495374965,63.2984233887315,642.5436140439369,125785651.30927117,7.193430949089109
402,233.42913112572845,0.02992666161681743,-0.04390631179907857,1.6621536217285993e-05,2.787342581091449,63.2984233887315,642.5436140439369,204299314.54143447,3.5773997555823502
403,230.24613280943439,0.020130098821451278,-0.0027574412933136744,-2.624054206300656e-06,-2.391096231593849,63.2984233887315,642.5436140439369,109196167.328625,1.9374789992728423
404,227.40865305785405,-0.055787538298615484,-0.032413610457341584,-2.624054206300656e-06,7.871169464919552,63.2984233887315,642.5436140439369,219649337.97589135,3.518608446380642
405,219.15783315309685,-0.0070424013375676685,0.036009206399672235,-2.624054206300656e-06,-1.0748218673921226,63.2984233887315,642.5436140439369,253028817.67926985,1.2751614703097975
406,220.10215441508686,0.019080779550845292,-0.0966381192190819,-2.624054206300656e-06,5.237806760525112,63.2984233887315,642.5436140439369,228275625.27191615,4.463863140567471
407,208.3172667322598,-0.0044879748465470265,-0.02462463390854475,-2.624054206300656e-06,2.503113648688653,63.2984233887315,642.5436140439369,114090524.44622189,3.2355995448758224
408,214.0053429691639,0.008427023647432124,0.016375644924067675,-2.624054206300656e-06,5.483797195752457,63.2984233887315,642.5436140439369,133570800.43052745,4.467698297329752
409,213.62072494528908,-0.01697560972930473,-0.05449920756250799,-2.624054206300656e-06,-0.0991131997871304,63.2984233887315,642.5436140439369,150962166.77344278,1.6713386304689202
410,215.97648355067338,-0.015133017191038366,-0.1307042502778039,-2.624054206300656e-06,-1.9923705234558802,63.2984233887315,642.5436140439369,106937964.72956726,0.5292958631224896
411,209.98613329147426,0.012309842621985206,0.20340858038062457,-2.624054206300656e-06,15.273634587864912,63.2984233887315,642.5436140439369,149250366.115439,6.850094272957914
412,239.98221604468802,0.020046861049438935,0.10093285244511947,-2.624054206300656e-06,0.774361854127142,63.2984233887315,642.5436140439369,148197578.9285418,10.52761123967972
413,241.77393436108468,0.01550869671290428,0.07533635749381445,-2.624054206300656e-06,0.31489911707713514,63.2984233887315,642.5436140439369,169466081.86027396,5.98033683887144
414,248.33683838066,-0.016165690130089845,-0.046190466488152185,-2.624054206300656e-06,8.961982397599009,63.2984233887315,642.5436140439369,200951024.94957167,7.600919535705499
415,230.67782605759479,-0.03126453971150272,-0.03091415350728208,-2.624054206300656e-06,2.830838044199484,63.2984233887315,642.5436140439369,289086278.59664744,4.475705139737639
416,223.62495430808198,-0.014055972431165237,0.02546641659696259,-2.624054206300656e-06,0.08095255969602055,63.32412409296126,643.8823870915421,248165120.29464138,2.504262386051921
417,231.83595035587203,0.03937754434788361,0.04011369199012692,-2.355177349125735e-06,4.133057985425036,63.32412409296126,643.8823870915421,269400560.84830654,6.396489660261115
418,232.8150426649209,-0.002097912225775664,-0.10560751390353672,-2.355177349125735e-06,-3.785638821130095,63.32412409296126,643.8823870915421,168516908.17234814,3.219505731218413
419,234.39334879939284,-0.006440887745411569,-0.042762592608488345,-2.086300491950807e-06,-1.2312946958412598,63.32412409296126,643.8823870915421,114231295.21532573,1.477537293387635
420,230.84681053122242,-0.03978418801481939,-0.07344117315493082,-2.086300491950807e-06,-0.31973251952530113,63.32412409296126,643.8823870915421,195724831.38218516,1.8213668604791668
421,217.98070300031043,-0.042401243317072075,0.020367317045199153,-3.005133731396829e-06,-3.881299813827768,63.32412409296126,643.8823870915421,97305921.21152893,-0.006308326760528726
422,221.4256402863631,0.09210946150253793,0.034580188760301174,-8.852909827592188e-07,-1.6794170647252435,63.32412409296126,643.8823870915421,74997176.88090134,1.6989024821790288
423,214.387022404581,-0.0449757386836928,-0.12627680777243686,-2.3728953047913673e-06,1.4754650211808304,63.32412409296126,643.8823870915421,74462667.14671162,0.8622384129146039
424,207.82395462010084,-0.0027463228392583215,0.09905395669943265,-7.041467436510359e-07,8.768887540827691,63.658047146082644,645.4629976663865,102750441.0627323,2.4230381047778247
425,214.81041786013876,-0.008198116486569495,-0.06330108126036087,-1.336990859608273e-06,3.0916192812581054,27.816709880287572,455.57190625206937,147054218.25781074,2.564312236517565
426,202.15887176889285,-0.04371542559739289,-0.17051230921063848,-1.2855654242054275e-06,12.94167319760551,27.917008829303327,456.2442695267126,505878012.75401807,2.1239160335781553
427,203.52689115380997,0.022124405012642376,0.015554656652568402,-4.554004566482511e-07,-1.042665355489674,27.76261831984515,455.322275498399,206510197.62351564,0.8477619423086722
428,202.9011159304763,0.018008754754779602,-0.09950976205873124,-7.473236991032323e-07,11.746379982855975,27.692137983136977,454.7103780297053,420329412.6287857,4.76212768383264
429,193.7517893287233,-0.006727955284929077,-0.060827747688528055,3.8055706755016274e-07,-5.9522621101717865,27.692137983136977,454.7103780297053,274965225.3978034,1.2899256986850944
430,197.88737959420567,0.009921979520485513,0.07204977346604695,8.863382509519515e-08,1.2263514992719062,27.048286622468655,453.36902102831294,296502901.0137921,2.7624119572297983
431,211.76702680404915,-0.000657785041509434,0.0315309390245371,1.4808128065781217e-05,1.5591009281500376,27.226359800366186,454.83739493786146,210047595.03944355,3.8054458321697737
432,214.60661255914496,0.02887121664424178,0.07668284902585529,3.2227659082037117e-07,-0.8831854333106923,27.226359800366186,454.83739493786146,148510914.47967798,2.6334002344811718
433,214.96299658211842,0.00547871944366515,0.06148640033592595,3.2227659082037117e-07,2.695279159391135,27.226359800366186,454.83739493786146,190399525.46295908,2.9655491122763498
434,212.70571082939247,-0.012782369085000694,-0.10354802231314592,-3.629138829004745e-07,-3.240155593218359,27.226359800366186,454.83739493786146,136241445.84516054,1.0659182041156006
435,209.87590511638282,0.03708863099204955,0.020314645485078962,1.5232861000119324e-06,-5.239442981415016,27.226359800366186,454.83739493786146,127522955.63144499,0.2138839174265068
436,213.09112203053806,-0.02819553356058314,0.01304618096063753,1.2233918746007064e-06,2.5887896331866345,27.226359800366186,454.83739493786146,182196012.38211906,3.2971118443600496
437,212.19070575510693,-0.014913393231049796,0.012256505757441808,1.43393159226183e-05,2.791848472560811,27.226359800366186,454.83739493786146,117733114.4851853,2.434092421034013
438,208.69062173679765,0.02770161840437375,-0.037056898162511745,1.9092341629239803e-06,-0.7817096933843479,27.226359800366186,454.83739493786146,106744967.69120961,2.3608815393601508
439,211.09148054740396,0.02495423278392367,0.0026271585624810957,1.5741058460630024e-06,-1.5408661626992037,27.226359800366186,454.83739493786146,130663547.43495363,1.7400417470411358
440,201.45004938287732,-0.085054172042264,-0.07972913908909253,2.250892425219146e-06,-3.9896974878280305,27.226359800366186,454.83739493786146,122084573.33389625,1.5011348950281707
441,189.02014106275305,0.009225486099915692,0.0057537833567683425,-4.013428989423344e-05,-4.286750468163103,27.226359800366186,454.83739493786146,101314537.48125547,1.0538521570341481
442,199.52315389216636,0.034934101737029044,0.11573627781871522,8.200718560524527e-06,8.242583261980634,27.226359800366186,454.83739493786146,269212729.8946978,5.003763586929853
443,210.56491147405652,0.008762927910590232,0.01727916400092254,2.1285389151182643e-06,-2.161209022448018,27.226359800366186,454.83739493786146,213899319.0312878,2.283698521290624
444,220.01360076202175,-0.01539148979462972,0.12221215418232434,5.806359275402829e-06,7.670464698048033,27.226359800366186,454.83739493786146,170803284.82666174,10.110267438527444
445,230.96950061642593,0.017111909741569606,0.2545604638620398,2.7308536735915224e-06,17.997740034417653,27.226359800366186,454.83739493786146,409597317.3641296,10.825313666532855
446,270.3749971481818,-0.014467376327356412,0.026592462110913588,1.7124353205145308e-05,-2.9478275409385986,27.226359800366186,454.83739493786146,333243801.1276865,12.14514247250365
447,261.78440924051716,-0.016605210051585318,0.007311313409557294,3.560812084172152e-06,0.38412312549858374,27.226359800366186,454.83739493786146,179677348.18042976,6.757584038773018
448,280.03962225003926,0.01603950796069468,-0.024415971931198967,5.009612284730328e-06,0.06447442060801478,27.226359800366186,454.83739493786146,188257542.3587016,1.9791372568657635
449,270.76218897953413,-0.011095483154993641,-0.167185957096133,3.2240599315413597e-06,3.09893466190388,27.226359800366186,454.83739493786146,97774863.30907103,2.3353984963686782
450,268.54747123708125,0.012240604258550494,-0.019626240825493486,4.3903860938388224e-06,4.6396654920459355,27.226359800366186,454.83739493786146,149306920.97628194,2.54045732331082
451,254.10334329471337,-0.002752067941336811,-0.13986975743834365,3.018613542687891e-06,10.630654989855664,27.226359800366186,454.83739493786146,314580460.0111317,5.890928427015716
452,234.27135722782936,0.0396801348302978,0.08601876868212202,5.698696985577582e-06,0.8061656717851675,27.226359800366186,454.83739493786146,653795181.990071,5.642376800574769
453,233.84265086079202,-0.019955516522132094,-0.04593741223098873,7.5420899053833056e-06,0.3958976653678188,27.226359800366186,454.83739493786146,384489250.13748467,3.3711773480960057
454,228.59721641084764,0.008188282508794175,-0.00857075169821165,1.1380264066148074e-05,1.3697007867876745,27.153763048928955,453.737688592016,490475843.8380346,4.092576842553335
455,221.11906071409047,-0.019662980575474012,-0.08484827961128327,8.015105394372656e-06,2.120118134562963,27.153763048928955,453.737688592016,202980435.0864329,3.9575698875284515
456,214.21376837741508,0.023398048044229205,0.10719783223988263,6.4598996472747e-06,0.9538134584182019,27.153763048928955,453.737688592016,723460881.6356966,5.172357469964284
457,220.75193432326978,-0.02500398091343978,-0.06313547037612473,9.070334663657063e-06,7.371512517046545,27.153763048928955,453.737688592016,414282146.1136306,5.9412804923153395
458,207.1101016069755,-0.003781688200996036,0.009412056124100225,1.17711871603915e-05,0.9838487071506872,27.153763048928955,453.737688592016,249996077.72707152,4.393782458304851
459,214.5748981017821,0.017927270157855245,-0.03726311749539961,8.828629997762607e-06,-0.8316406743000295,27.153763048928955,453.737688592016,189857465.24554968,3.2689789343039966
460,211.7987529799782,-0.011451484288023228,-0.06946872184790118,1.2138652588110644e-05,-3.6822451876956945,27.153763048928955,453.737688592016,282006534.8733151,1.6000173879514064
461,201.2816599025759,-0.028803485404182802,-0.07201147046155641,1.2772224998747538e-05,-2.1650364547844307,27.153763048928955,453.737688592016,182372153.52290705,0.5146578321704485
462,202.876371260589,0.04853813597076526,0.01834240839250188,1.2772224998747538e-05,0.9330190520579955,27.153763048928955,453.737688592016,262854481.30653366,2.2353410268853553
463,204.27342794854354,-0.030539930272382117,0.1301843508020821,1.377156268113787e-05,14.637864846450922,27.153763048928955,453.737688592016,161184234.97915232,10.051268265501504
464,224.49946670243452,0.005440698933810687,-0.03140615657073542,1.377156268113787e-05,1.2923936600733898,27.153763048928955,453.737688592016,159273166.9644308,3.949458470685545
465,215.12937950087536,0.004227257874908496,-0.05295187289961214,1.2566933164191374e-05,-7.832264267192588,27.153763048928955,453.737688592016,111759670.36197397,-0.09010286179977378
466,212.02657693436169,0.014305278755941595,-0.01161754514502389,1.2566933164191374e-05,-0.5399381209170757,27.153763048928955,453.737688592016,184729255.00668627,1.023614461230169
467,205.83930135809135,-0.023038213986556123,0.027689379148246082,1.1648099924745352e-05,1.312701950750696,27.153763048928955,453.737688592016,103507986.4694632,1.3229917406997942
468,212.37026710614663,0.015379795854703952,0.0352893695841205,1.2929606043321672e-05,5.530573274001247,27.153763048928955,453.737688592016,164988425.31593734,2.993980865593431
469,211.92213949800626,-0.009874610339683171,-0.03468780480456573,1.4378406243879834e-05,0.08162434906908733,27.153763048928955,453.737688592016,71955773.0196946,0.09830354701670896
470,211.2423842170401,0.003535470906234458,0.1330829733009335,1.3278044364411739e-05,4.512830699283226,27.153763048928955,453.737688592016,485520964.4723119,5.312509868965902
471,211.06268152529782,0.005683101862353655,-0.12921743993709842,1.2010388402961732e-05,-2.681313772008988,27.153763048928955,453.737688592016,192499215.42239323,2.1615282991374927
472,204.9226574578891,0.009081608884259244,0.054355657176181196,1.4146654727612956e-05,-1.921278538741816,27.153763048928955,453.737688592016,236198976.9651117,0.4837439402874064
473,200.16822141374163,-0.005583348926100876,-0.002455662082910962,1.2412209297331733e-05,-5.566745613778914,27.153763048928955,453.737688592016,107682770.48010562,0.0162239814524614
474,197.52743191674116,0.024693559183365292,-0.009605326927339456,1.4866040691823307e-05,0.6004107582458436,27.153763048928955,453.737688592016,137271940.0701881,3.267613914797879
475,192.77596586257292,-0.014905882217238774,-0.09173968957171708,1.3797983053386378e-05,-2.984399597075674,27.153763048928955,453.737688592016,57108906.070729986,2.572862358633121
476,188.73113796759128,-0.03956391592468402,0.052044662946322554,1.5585426656033665e-05,5.39204114207485,27.153763048928955,453.737688592016,203503984.3007233,3.488589010096899
477,190.59580451339517,0.005785252040061575,-0.0501831348449312,1.4833887498569527e-05,-1.0553534896851136,27.237874444590016,453.8732013961366,128776775.54555787,1.0284039271416208
478,186.6146233578968,0.009756399677696415,0.006870840258124776,1.4104473262221695e-05,-1.1161104079660153,27.237874444590016,453.8732013961366,72123109.58376023,0.5858443616454699
479,185.43805878176653,-0.029345289588539943,-0.08292292325239428,1.6573689477418923e-05,5.742158882899197,27.237874444590016,453.8732013961366,106606794.71473823,3.7427284758315595
480,171.23402385629996,-0.0011974116832117482,0.006204116032129173,1.636039204505698e-05,0.80593765871274,27.237874444590016,453.8732013961366,89535739.43699378,0.7300229838841255
481,175.896048226248,0.03666242195231289,0.07507812405309956,1.601156932305299e-05,0.49065508116001566,27.237874444590016,453.8732013961366,74969275.97617497,0.7272380958864924
482,181.45878665617747,-0.00758244514278145,-0.0049167205016994,1.661388408152624e-05,-1.9810167680360564,27.237874444590016,453.8732013961366,98110418.74540953,0.859880798582431
483,178.37299361010471,-0.0364608937758669,-0.044466295762228755,1.6549811048155163e-05,1.2569851393188172,27.237874444590016,453.8732013961366,107658879.5796796,0.993603387806008
484,179.3565660945205,-0.013731267881280686,-0.030978775301223376,1.6549811048155163e-05,-1.786301917279011,27.237874444590016,453.8732013961366,52207825.50644436,0.36118132442881073
485,194.32616978782906,0.007653843233785616,-0.0854624948549656,5.522209242125451e-05,-1.4523588218669437,27.215756340691993,452.79993457262674,18103021.84991084,-0.4478663619896651
486,-26.10307008386672,-0.024362738815116563,-0.02230632347054451,-0.00013131889550393306,-6.976779584582149,12.353120496531458,385.77180764525104,37876784.91048226,0.929981588702903
487,173.56543019772587,0.03761922046555198,0.037192636748905855,1.8708154720992404e-05,3.319261533336732,12.353120496531458,385.77180764525104,78230463.68367623,0.4030285760831487
488,180.4737214982734,0.018161634259362326,-0.03466732921758174,3.218442599146594e-05,2.865809757328728,12.46402072163522,386.3089126570281,69978274.3063175,0.7541622907693956
489,175.24816004898648,-0.011702898759165237,0.04156196158976637,1.645720595036119e-05,0.8992510797645341,12.46402072163522,386.3089126570281,64260635.215026215,2.599374736767477
490,177.8641767894257,-0.012622975444681024,0.052253745659500334,2.1537368497755822e-05,4.86385321035021,12.486446283315095,386.62415198121374,117961309.51457115,3.5705163872109136
491,186.65872027696855,0.01590675156574202,0.02452219725881303,1.7525999717037363e-05,3.0899081875658907,12.486446283315095,386.62415198121374,182832640.38203835,3.052070649718964
492,179.8145452943579,-0.0031811740138689756,0.018319061874088452,-2.192905854310087e-05,0.2904741411715517,12.942507663788488,388.5735908232373,101222386.94521596,1.5673890861717124
493,187.3283018691469,-0.006597149779229879,-0.011221469151397441,1.7887788549504692e-05,2.7833430509298944,12.942507663788488,388.5735908232373,204570429.70597792,1.3949163387575767
494,188.82166574662307,-0.002730986142683317,0.03392680231393623,2.9089342003368753e-05,3.0627007899002425,12.942507663788488,388.5735908232373,177628404.41821408,2.8909605435928474
495,186.38430671191335,0.006786126772907578,-0.008837023419393596,1.5706328489291142e-05,0.8315933874756093,12.942507663788488,388.5735908232373,153838936.24519163,0.5767155870038803
496,186.86599489901403,0.01162810443162653,-0.011806230838336602,1.74467687593955e-05,-0.6490031236493701,12.942507663788488,388.5735908232373,102030057.68581367,0.9804401632679152
497,190.7790725635775,-0.007272666454373469,0.06365845375224809,1.7046520601988662e-05,1.075534400263992,12.942507663788488,388.5735908232373,324580328.5928748,0.40335655753518096
498,189.46222621851518,-0.003769306123759945,0.008318841830404594,1.6829069180216586e-05,1.2253465892751327,12.942507663788488,388.5735908232373,185399094.36028537,0.5113180649618223
499,192.3896896516421,-0.005584543687712775,0.004828029904719077,1.6829069180216586e-05,-3.6344527188237157,12.942507663788488,388.5735908232373,93163846.81123415,-1.489591262950729
500,195.1302485251583,-0.0041752990289257615,0.10882463058778258,1.6998638912570686e-05,9.35229622306228,12.942507663788488,388.5735908232373,123018336.0513811,5.416939045931963
501,213.1437553123169,0.025209713016087584,0.038394072478408627,1.7232281678295862e-05,-1.580806610682596,12.942507663788488,388.5735908232373,296332557.2526664,1.9806867709551181
502,208.47053056123195,-0.0034136105766563347,-0.08143827355418583,1.8068239202494276e-05,-6.342886836407276,12.942507663788488,388.5735908232373,290035795.93132925,-1.9772919612568884
503,206.28299983046415,0.014094076326452461,0.013789820544561411,1.8301881968219452e-05,-3.3197065937639687,12.942507663788488,388.5735908232373,345047595.32765174,-1.3551426969403146
504,208.21793666044994,-0.0017672767089918174,-0.009236429274294158,1.8301881968219452e-05,-6.444501735913211,12.942507663788488,388.5735908232373,145870611.28141308,-4.7302800089146295
505,207.61342153546644,-0.004807778995321205,-0.015996379334403114,1.8535524733944628e-05,0.28220832391049955,12.942507663788488,388.5735908232373,131947239.27714016,-1.7196657230135584
506,202.44636019780972,0.0007837509600950952,-0.021860553042888246,1.8769167499669804e-05,-2.4651166030751708,12.942507663788488,388.5735908232373,209695326.1234061,-2.8611712452906826
507,203.38637158263933,0.01410402155906006,-0.08632870321863997,1.8769167499669804e-05,0.904286935135707,12.942507663788488,388.5735908232373,298273834.16135144,-1.9574710648507376
508,200.35734836156584,-0.01357935720627984,0.11584117508539833,1.8769167499669804e-05,2.880466098988015,12.942507663788488,388.5735908232373,196900583.66526854,-0.41585432335951766
509,202.25705586284042,0.022481057532475795,0.003014967307905743,1.900281026539498e-05,-1.4775936050704548,12.942507663788488,388.5735908232373,201520585.96066788,-3.2543340261910094
510,203.23016183657253,-0.003622296298649896,-0.06495356527106501,1.900281026539498e-05,-0.7012248622727828,12.942507663788488,388.5735908232373,105259080.02425936,-3.5740642090849892
511,194.8338504868592,0.008285353811485147,-0.019302654633901996,1.900281026539498e-05,-2.810030134058759,12.942507663788488,388.5735908232373,153097860.63673133,-2.0172039956017267
512,194.58973208521903,0.0029935316244851418,-0.04811565038642152,1.900281026539498e-05,-1.9037790268257884,12.942507663788488,388.5735908232373,365954309.98618853,-0.9492359364190823
513,193.46751333390893,0.020492886204508794,-0.01332492383654374,1.900281026539498e-05,0.40233754014949685,12.942507663788488,388.5735908232373,168437478.61520237,-2.241010901506325
514,186.36835674364954,-0.03423568013348787,-0.04009676391489643,1.8388377802848285e-05,-1.2000474778993446,12.942507663788488,388.5735908232373,111294348.45074937,-1.8218912280484176
515,182.9829010598698,-0.0036179445483605875,-0.046217446934858346,1.7757102864953066e-05,-2.4884089996795637,12.942507663788488,388.5735908232373,112415304.81746563,-2.3367514597033177
516,175.87239087114767,0.018124529716498614,-0.0403082016276297,1.9263900369332234e-05,0.6737603882952969,12.942507663788488,388.5735908232373,186314955.9019698,-0.5194652101361911
517,177.67513888202262,0.0245775641789474,0.07134086732546906,1.9132529069100324e-05,3.8434530814015226,12.942507663788488,388.5735908232373,312226584.02351105,-0.11142391750005587
518,178.13408592101376,-0.0025627865950466886,-0.018358077642463184,1.864620079015332e-05,-2.197841481703837,12.923686283786243,388.24018352034034,163361821.14702043,-1.9290173136927775
519,177.46800057518598,-0.00423783687792951,0.028888607387700084,1.864620079015332e-05,1.2309793852933395,12.923686283786243,388.24018352034034,187189841.3977689,-0.44270561563756616
520,185.56914661614292,-0.01616410954989427,-0.02535857310677352,1.850544900858542e-05,5.983547907331099,12.923686283786243,388.24018352034034,174662665.17062,-0.0035619235058782506
521,180.4862010525116,-0.02023365920897857,0.010653221345155672,1.787417407069016e-05,0.5378490608075897,12.923686283786243,388.24018352034034,180035984.9359636,0.44841268513686905
522,177.7677320795555,0.025959238148574922,-0.04163394541628248,1.998328633354257e-05,-0.8819608745797081,12.923686283786243,388.24018352034034,155691808.64011636,-0.16697640578438488
523,174.7952689461653,0.02090331211865612,0.04274379272236912,1.9851915033310675e-05,-0.14203033307350976,12.923686283786243,388.24018352034034,263679412.74537855,-0.616180641135228
524,175.66747493889233,-0.008340238628106835,-0.0413317117917327,1.9634463611538586e-05,0.3109299168055464,12.923686283786243,388.24018352034034,163565141.36737186,0.17137428443451042
525,171.1380250422224,-0.0003031046266873552,-0.04568535510522198,1.9634463611538586e-05,-2.2857924551861517,12.923686283786243,388.24018352034034,71505732.15938723,-2.7923163889201033
526,170.69532523659447,0.0041148780006356606,0.0009459221439081199,1.9301513720992595e-05,0.14194808522167834,12.923686283786243,388.24018352034034,139812831.21563065,-0.8004952358595046
527,170.49646091966972,-0.04289235282575189,-0.050081999466743216,1.9301513720992595e-05,-2.346503707621239,12.923686283786243,388.24018352034034,84286672.5899857,-2.694431781448408
528,166.0246036811427,0.030619753353594025,-0.009474076145661313,1.9903828479465833e-05,-2.146903104076664,12.923686283786243,388.24018352034034,55261828.10984929,-2.914897621817686
529,166.42029459827333,0.0228890492428998,0.052482271153984406,1.9903828479465833e-05,0.7945910914738712,12.923686283786243,388.24018352034034,151377298.51670527,-2.466441716993998
530,167.77118996268914,-0.021552678040302035,-0.10476755634834366,1.9903828479465833e-05,-0.10724413117401754,12.923686283786243,388.24018352034034,76862250.60885213,-3.4866876968446987
531,159.64106774367482,0.013894366034697413,-0.06776271933686304,1.9903828479465833e-05,-0.8932205849965502,12.923686283786243,388.24018352034034,28379154.82446102,-4.243172124785376
532,158.2069463029763,-0.008799571176171654,-0.005914302723636411,1.9903828479465833e-05,-1.9075446847168607,12.923686283786243,388.24018352034034,20924445.32020119,-4.669402433283939
533,161.23239340350608,0.02123326173757773,-0.001186284455464572,1.9903828479465833e-05,-2.8292588926879954,12.923686283786243,388.24018352034034,61123538.71868251,-4.714305322692889
534,153.8901740539763,-0.024803694964825426,-0.17274943329454234,1.9903828479465833e-05,0.38129048914896524,12.923686283786243,388.24018352034034,238049915.13848847,-3.510506050727825
535,151.54096054868427,0.0013394658547782557,0.002610719335595357,1.9903828479465833e-05,0.7593562787817305,12.923686283786243,388.24018352034034,114542262.3272185,-3.299953712304781
536,147.56421372343246,-0.018015129128103494,-0.07807794010160224,-3.0192055628560418e-05,-6.291570221198471,12.923686283786243,388.24018352034034,78778304.50542244,-5.731466107779251
537,150.81053933257158,0.00909080997034691,0.12816144504232652,1.9903828479465833e-05,2.1943874352440966,12.923686283786243,388.24018352034034,238239857.29447672,-3.535342414636318
538,156.5929803956141,0.008463320842629816,0.024384833970776912,1.9903828479465833e-05,5.058290259518373,12.923686283786243,388.24018352034034,261618828.8046523,-2.6267616225377446
539,151.95134651770414,0.011628567259167236,0.010944743229748082,1.9903828479465833e-05,-1.5649765670413478,12.923686283786243,388.24018352034034,125102590.2189098,-3.3864670152751177
540,150.3738498721195,-0.007781628458724886,-0.006052112036660055,1.9670185713740657e-05,-3.7458025650549964,12.923686283786243,388.24018352034034,159453814.8439043,-2.7091492877950145
541,150.16752436899353,0.013092382279736902,-0.024871897046768794,1.9670185713740657e-05,-2.953628357273336,12.923686283786243,388.24018352034034,148996964.13266727,0.45396475556970184
542,147.83632989626253,-0.01236434583313217,-0.042651819524960506,1.943654294801548e-05,4.649763494700272,12.923686283786243,388.24018352034034,143820506.29690418,4.043127447372451
543,139.78492272760755,0.00025119857492859887,-0.07653397238048859,1.943654294801548e-05,5.987733261605335,13.038171238991577,388.41307916697696,113336958.4316269,9.285367076011408
544,134.79998305377742,-0.011800442371014441,-0.03177039961105511,4.258876850792347e-05,1.544034650819622,13.877871360044956,392.2295501724035,100282817.8383927,9.285367076011408
